filename,class,xmin,ymin,xmax,ymax
0.0.jpg,cover,247,172,269,211
0.1.jpg,cover,251,290,273,329
0.10.jpg,cover,223,166,245,205
0.11.jpg,cover,229,164,251,203
0.12.jpg,cover,256,173,278,212
0.13.jpg,cover,233,299,255,338
0.14.jpg,cover,227,166,249,205
0.15.jpg,cover,224,298,246,337
0.16.jpg,cover,233,299,255,338
0.17.jpg,cover,230,167,252,206
0.18.jpg,cover,244,288,266,327
0.19.jpg,cover,233,299,255,338
0.2.jpg,cover,233,299,255,338
0.20.jpg,cover,256,299,278,338
0.21.jpg,cover,246,288,268,327
0.22.jpg,cover,233,167,255,206
0.23.jpg,cover,233,173,255,212
0.24.jpg,cover,229,294,251,333
0.25.jpg,cover,256,173,278,212
0.26.jpg,cover,256,299,278,338
0.27.jpg,cover,233,299,255,338
0.28.jpg,cover,256,299,278,338
0.29.jpg,cover,256,173,278,212
0.3.jpg,cover,224,296,246,335
0.30.jpg,cover,231,295,253,334
0.31.jpg,cover,245,298,267,337
0.32.jpg,cover,232,289,254,328
0.33.jpg,cover,256,299,278,338
0.34.jpg,cover,249,168,271,207
0.35.jpg,cover,256,299,278,338
0.36.jpg,cover,256,173,278,212
0.37.jpg,cover,256,173,278,212
0.38.jpg,cover,256,299,278,338
0.39.jpg,cover,226,298,248,337
0.4.jpg,cover,233,299,255,338
0.40.jpg,cover,255,296,277,335
0.41.jpg,cover,232,169,254,208
0.42.jpg,cover,256,169,278,208
0.43.jpg,cover,233,173,255,212
0.44.jpg,cover,256,173,278,212
0.45.jpg,cover,221,164,243,203
0.46.jpg,cover,256,173,278,212
0.47.jpg,cover,233,299,255,338
0.48.jpg,cover,233,173,255,212
0.49.jpg,cover,244,294,266,333
0.5.jpg,cover,233,299,255,338
0.50.jpg,cover,233,173,255,212
0.51.jpg,cover,233,173,255,212
0.52.jpg,cover,231,163,253,202
0.53.jpg,cover,256,173,278,212
0.54.jpg,cover,256,299,278,338
0.55.jpg,cover,256,171,278,210
0.56.jpg,cover,256,173,278,212
0.57.jpg,cover,256,173,278,212
0.58.jpg,cover,221,292,243,331
0.59.jpg,cover,256,299,278,338
0.6.jpg,cover,256,173,278,212
0.7.jpg,cover,256,299,278,338
0.8.jpg,cover,256,173,278,212
0.9.jpg,cover,252,161,274,200
1.0.jpg,cover,245,166,266,203
1.1.jpg,cover,235,175,256,212
1.10.jpg,cover,235,175,256,212
1.11.jpg,cover,255,287,276,324
1.12.jpg,cover,251,167,272,204
1.13.jpg,cover,254,288,275,325
1.14.jpg,cover,226,292,247,329
1.15.jpg,cover,255,299,276,336
1.16.jpg,cover,243,166,264,203
1.17.jpg,cover,226,171,247,208
1.18.jpg,cover,250,288,271,325
1.19.jpg,cover,246,173,267,210
1.2.jpg,cover,255,299,276,336
1.20.jpg,cover,229,165,250,202
1.21.jpg,cover,255,299,276,336
1.22.jpg,cover,235,299,256,336
1.23.jpg,cover,235,175,256,212
1.24.jpg,cover,251,292,272,329
1.25.jpg,cover,235,299,256,336
1.26.jpg,cover,233,163,254,200
1.27.jpg,cover,235,299,256,336
1.28.jpg,cover,229,287,250,324
1.29.jpg,cover,235,299,256,336
1.3.jpg,cover,228,165,249,202
1.30.jpg,cover,255,299,276,336
1.31.jpg,cover,235,175,256,212
1.32.jpg,cover,254,165,275,202
1.33.jpg,cover,255,299,276,336
1.34.jpg,cover,228,172,249,209
1.35.jpg,cover,245,167,266,204
1.36.jpg,cover,255,175,276,212
1.37.jpg,cover,254,288,275,325
1.38.jpg,cover,255,175,276,212
1.39.jpg,cover,255,175,276,212
1.4.jpg,cover,235,175,256,212
1.40.jpg,cover,255,175,276,212
1.41.jpg,cover,231,293,252,330
1.42.jpg,cover,235,299,256,336
1.43.jpg,cover,235,174,256,211
1.44.jpg,cover,235,175,256,212
1.45.jpg,cover,224,297,245,334
1.46.jpg,cover,249,289,270,326
1.47.jpg,cover,255,299,276,336
1.48.jpg,cover,243,299,264,336
1.49.jpg,cover,225,166,246,203
1.5.jpg,cover,233,163,254,200
1.50.jpg,cover,235,299,256,336
1.51.jpg,cover,255,299,276,336
1.52.jpg,cover,235,299,256,336
1.53.jpg,cover,253,175,274,212
1.54.jpg,cover,255,175,276,212
1.55.jpg,cover,223,297,244,334
1.56.jpg,cover,235,175,256,212
1.57.jpg,cover,223,164,244,201
1.58.jpg,cover,252,167,273,204
1.59.jpg,cover,253,163,274,200
1.6.jpg,cover,255,299,276,336
1.7.jpg,cover,235,175,256,212
1.8.jpg,cover,235,175,256,212
1.9.jpg,cover,255,175,276,212
2.0.jpg,cover,234,295,256,334
2.1.jpg,cover,229,175,251,214
2.10.jpg,cover,228,173,250,212
2.11.jpg,cover,232,175,254,214
2.12.jpg,cover,225,294,247,333
2.13.jpg,cover,234,295,256,334
2.14.jpg,cover,255,177,277,216
2.15.jpg,cover,255,295,277,334
2.16.jpg,cover,246,177,268,216
2.17.jpg,cover,222,169,244,208
2.18.jpg,cover,250,169,272,208
2.19.jpg,cover,246,168,268,207
2.2.jpg,cover,234,177,256,216
2.20.jpg,cover,234,177,256,216
2.21.jpg,cover,233,289,255,328
2.22.jpg,cover,255,177,277,216
2.23.jpg,cover,255,295,277,334
2.24.jpg,cover,243,167,265,206
2.25.jpg,cover,229,171,251,210
2.26.jpg,cover,255,295,277,334
2.27.jpg,cover,234,295,256,334
2.28.jpg,cover,255,295,277,334
2.29.jpg,cover,234,295,256,334
2.3.jpg,cover,243,167,265,206
2.30.jpg,cover,222,177,244,216
2.31.jpg,cover,233,174,255,213
2.32.jpg,cover,230,286,252,325
2.33.jpg,cover,227,295,249,334
2.34.jpg,cover,229,293,251,332
2.35.jpg,cover,251,292,273,331
2.36.jpg,cover,230,165,252,204
2.37.jpg,cover,254,165,276,204
2.38.jpg,cover,255,295,277,334
2.39.jpg,cover,247,290,269,329
2.4.jpg,cover,230,172,252,211
2.40.jpg,cover,255,177,277,216
2.41.jpg,cover,247,166,269,205
2.42.jpg,cover,234,177,256,216
2.43.jpg,cover,250,288,272,327
2.44.jpg,cover,255,295,277,334
2.45.jpg,cover,234,177,256,216
2.46.jpg,cover,229,289,251,328
2.47.jpg,cover,253,287,275,326
2.48.jpg,cover,234,177,256,216
2.49.jpg,cover,255,177,277,216
2.5.jpg,cover,223,295,245,334
2.50.jpg,cover,234,177,256,216
2.51.jpg,cover,234,295,256,334
2.52.jpg,cover,255,295,277,334
2.53.jpg,cover,255,295,277,334
2.54.jpg,cover,255,169,277,208
2.55.jpg,cover,234,177,256,216
2.56.jpg,cover,231,288,253,327
2.57.jpg,cover,234,177,256,216
2.58.jpg,cover,226,288,248,327
2.59.jpg,cover,234,177,256,216
2.6.jpg,cover,255,295,277,334
2.7.jpg,cover,255,177,277,216
2.8.jpg,cover,243,169,265,208
2.9.jpg,cover,234,295,256,334
3.0.jpg,cover,223,283,246,321
3.1.jpg,cover,229,281,252,319
3.10.jpg,cover,257,180,280,218
3.11.jpg,cover,231,180,254,218
3.12.jpg,cover,227,174,250,212
3.13.jpg,cover,256,176,279,214
3.14.jpg,cover,231,293,254,331
3.15.jpg,cover,257,293,280,331
3.16.jpg,cover,229,174,252,212
3.17.jpg,cover,257,293,280,331
3.18.jpg,cover,231,293,254,331
3.19.jpg,cover,257,180,280,218
3.2.jpg,cover,221,285,244,323
3.20.jpg,cover,229,178,252,216
3.21.jpg,cover,220,178,243,216
3.22.jpg,cover,257,293,280,331
3.23.jpg,cover,231,180,254,218
3.24.jpg,cover,255,170,278,208
3.25.jpg,cover,257,293,280,331
3.26.jpg,cover,250,174,273,212
3.27.jpg,cover,257,293,280,331
3.28.jpg,cover,250,176,273,214
3.29.jpg,cover,231,180,254,218
3.3.jpg,cover,257,293,280,331
3.30.jpg,cover,223,288,246,326
3.31.jpg,cover,257,293,280,331
3.32.jpg,cover,231,178,254,216
3.33.jpg,cover,257,180,280,218
3.34.jpg,cover,231,180,254,218
3.35.jpg,cover,252,293,275,331
3.36.jpg,cover,224,171,247,209
3.37.jpg,cover,231,293,254,331
3.38.jpg,cover,231,180,254,218
3.39.jpg,cover,257,293,280,331
3.4.jpg,cover,257,293,280,331
3.40.jpg,cover,231,293,254,331
3.41.jpg,cover,227,288,250,326
3.42.jpg,cover,257,180,280,218
3.43.jpg,cover,249,168,272,206
3.44.jpg,cover,225,174,248,212
3.45.jpg,cover,257,293,280,331
3.46.jpg,cover,231,293,254,331
3.47.jpg,cover,224,282,247,320
3.48.jpg,cover,219,177,242,215
3.49.jpg,cover,257,180,280,218
3.5.jpg,cover,257,180,280,218
3.50.jpg,cover,257,180,280,218
3.51.jpg,cover,227,168,250,206
3.52.jpg,cover,257,293,280,331
3.53.jpg,cover,227,282,250,320
3.54.jpg,cover,257,180,280,218
3.55.jpg,cover,257,293,280,331
3.56.jpg,cover,231,180,254,218
3.57.jpg,cover,231,180,254,218
3.58.jpg,cover,220,283,243,321
3.59.jpg,cover,228,284,251,322
3.6.jpg,cover,249,171,272,209
3.7.jpg,cover,254,292,277,330
3.8.jpg,cover,231,180,254,218
3.9.jpg,cover,257,293,280,331
IMG_20230224_123848_0.0.jpg,cover,193,234,265,289
IMG_20230224_123848_0.1.jpg,cover,202,213,274,268
IMG_20230224_123848_0.10.jpg,cover,227,242,299,297
IMG_20230224_123848_0.11.jpg,cover,200,243,272,298
IMG_20230224_123848_0.12.jpg,cover,202,213,274,268
IMG_20230224_123848_0.13.jpg,cover,195,233,267,288
IMG_20230224_123848_0.14.jpg,cover,237,213,309,268
IMG_20230224_123848_0.15.jpg,cover,235,209,307,264
IMG_20230224_123848_0.16.jpg,cover,202,202,274,257
IMG_20230224_123848_0.17.jpg,cover,192,240,264,295
IMG_20230224_123848_0.18.jpg,cover,237,213,309,268
IMG_20230224_123848_0.19.jpg,cover,198,205,270,260
IMG_20230224_123848_0.2.jpg,cover,202,243,274,298
IMG_20230224_123848_0.20.jpg,cover,237,243,309,298
IMG_20230224_123848_0.21.jpg,cover,231,211,303,266
IMG_20230224_123848_0.22.jpg,cover,237,213,309,268
IMG_20230224_123848_0.23.jpg,cover,237,213,309,268
IMG_20230224_123848_0.24.jpg,cover,197,207,269,262
IMG_20230224_123848_0.25.jpg,cover,193,231,265,286
IMG_20230224_123848_0.26.jpg,cover,237,213,309,268
IMG_20230224_123848_0.27.jpg,cover,226,209,298,264
IMG_20230224_123848_0.28.jpg,cover,236,205,308,260
IMG_20230224_123848_0.29.jpg,cover,237,243,309,298
IMG_20230224_123848_0.3.jpg,cover,237,243,309,298
IMG_20230224_123848_0.30.jpg,cover,195,210,267,265
IMG_20230224_123848_0.31.jpg,cover,237,213,309,268
IMG_20230224_123848_0.32.jpg,cover,237,213,309,268
IMG_20230224_123848_0.33.jpg,cover,231,238,303,293
IMG_20230224_123848_0.34.jpg,cover,202,243,274,298
IMG_20230224_123848_0.35.jpg,cover,199,201,271,256
IMG_20230224_123848_0.36.jpg,cover,237,243,309,298
IMG_20230224_123848_0.37.jpg,cover,226,209,298,264
IMG_20230224_123848_0.38.jpg,cover,192,201,264,256
IMG_20230224_123848_0.39.jpg,cover,230,201,302,256
IMG_20230224_123848_0.4.jpg,cover,201,240,273,295
IMG_20230224_123848_0.40.jpg,cover,199,235,271,290
IMG_20230224_123848_0.41.jpg,cover,232,240,304,295
IMG_20230224_123848_0.42.jpg,cover,232,207,304,262
IMG_20230224_123848_0.43.jpg,cover,237,243,309,298
IMG_20230224_123848_0.44.jpg,cover,202,213,274,268
IMG_20230224_123848_0.45.jpg,cover,202,243,274,298
IMG_20230224_123848_0.46.jpg,cover,237,232,309,287
IMG_20230224_123848_0.47.jpg,cover,202,213,274,268
IMG_20230224_123848_0.48.jpg,cover,202,243,274,298
IMG_20230224_123848_0.49.jpg,cover,230,238,302,293
IMG_20230224_123848_0.5.jpg,cover,200,234,272,289
IMG_20230224_123848_0.50.jpg,cover,202,243,274,298
IMG_20230224_123848_0.51.jpg,cover,192,210,264,265
IMG_20230224_123848_0.52.jpg,cover,202,213,274,268
IMG_20230224_123848_0.53.jpg,cover,237,243,309,298
IMG_20230224_123848_0.54.jpg,cover,237,243,309,298
IMG_20230224_123848_0.55.jpg,cover,228,236,300,291
IMG_20230224_123848_0.56.jpg,cover,196,203,268,258
IMG_20230224_123848_0.57.jpg,cover,234,233,306,288
IMG_20230224_123848_0.58.jpg,cover,195,236,267,291
IMG_20230224_123848_0.59.jpg,cover,200,239,272,294
IMG_20230224_123848_0.6.jpg,cover,237,243,309,298
IMG_20230224_123848_0.7.jpg,cover,202,213,274,268
IMG_20230224_123848_0.8.jpg,cover,202,243,274,298
IMG_20230224_123848_0.9.jpg,cover,202,243,274,298
IMG_20230224_123849_4.0.jpg,cover,206,208,278,264
IMG_20230224_123849_4.1.jpg,cover,233,208,305,264
IMG_20230224_123849_4.10.jpg,cover,195,202,267,258
IMG_20230224_123849_4.11.jpg,cover,233,208,305,264
IMG_20230224_123849_4.12.jpg,cover,197,243,269,299
IMG_20230224_123849_4.13.jpg,cover,222,235,294,291
IMG_20230224_123849_4.14.jpg,cover,221,205,293,261
IMG_20230224_123849_4.15.jpg,cover,202,236,274,292
IMG_20230224_123849_4.16.jpg,cover,206,208,278,264
IMG_20230224_123849_4.17.jpg,cover,233,208,305,264
IMG_20230224_123849_4.18.jpg,cover,233,247,305,303
IMG_20230224_123849_4.19.jpg,cover,201,197,273,253
IMG_20230224_123849_4.2.jpg,cover,197,204,269,260
IMG_20230224_123849_4.20.jpg,cover,232,203,304,259
IMG_20230224_123849_4.21.jpg,cover,206,208,278,264
IMG_20230224_123849_4.22.jpg,cover,233,247,305,303
IMG_20230224_123849_4.23.jpg,cover,231,238,303,294
IMG_20230224_123849_4.24.jpg,cover,198,237,270,293
IMG_20230224_123849_4.25.jpg,cover,228,235,300,291
IMG_20230224_123849_4.26.jpg,cover,233,247,305,303
IMG_20230224_123849_4.27.jpg,cover,198,243,270,299
IMG_20230224_123849_4.28.jpg,cover,206,208,278,264
IMG_20230224_123849_4.29.jpg,cover,222,247,294,303
IMG_20230224_123849_4.3.jpg,cover,233,247,305,303
IMG_20230224_123849_4.30.jpg,cover,233,208,305,264
IMG_20230224_123849_4.31.jpg,cover,206,247,278,303
IMG_20230224_123849_4.32.jpg,cover,233,247,305,303
IMG_20230224_123849_4.33.jpg,cover,221,241,293,297
IMG_20230224_123849_4.34.jpg,cover,233,208,305,264
IMG_20230224_123849_4.35.jpg,cover,204,245,276,301
IMG_20230224_123849_4.36.jpg,cover,232,235,304,291
IMG_20230224_123849_4.37.jpg,cover,233,247,305,303
IMG_20230224_123849_4.38.jpg,cover,231,198,303,254
IMG_20230224_123849_4.39.jpg,cover,206,208,278,264
IMG_20230224_123849_4.4.jpg,cover,225,240,297,296
IMG_20230224_123849_4.40.jpg,cover,233,247,305,303
IMG_20230224_123849_4.41.jpg,cover,194,207,266,263
IMG_20230224_123849_4.42.jpg,cover,233,247,305,303
IMG_20230224_123849_4.43.jpg,cover,225,238,297,294
IMG_20230224_123849_4.44.jpg,cover,206,247,278,303
IMG_20230224_123849_4.45.jpg,cover,206,208,278,264
IMG_20230224_123849_4.46.jpg,cover,233,208,305,264
IMG_20230224_123849_4.47.jpg,cover,206,202,278,258
IMG_20230224_123849_4.48.jpg,cover,233,208,305,264
IMG_20230224_123849_4.49.jpg,cover,233,247,305,303
IMG_20230224_123849_4.5.jpg,cover,199,235,271,291
IMG_20230224_123849_4.50.jpg,cover,229,198,301,254
IMG_20230224_123849_4.51.jpg,cover,228,206,300,262
IMG_20230224_123849_4.52.jpg,cover,233,247,305,303
IMG_20230224_123849_4.53.jpg,cover,198,237,270,293
IMG_20230224_123849_4.54.jpg,cover,230,201,302,257
IMG_20230224_123849_4.55.jpg,cover,233,208,305,264
IMG_20230224_123849_4.56.jpg,cover,206,208,278,264
IMG_20230224_123849_4.57.jpg,cover,233,208,305,264
IMG_20230224_123849_4.58.jpg,cover,233,247,305,303
IMG_20230224_123849_4.59.jpg,cover,206,208,278,264
IMG_20230224_123849_4.6.jpg,cover,221,208,293,264
IMG_20230224_123849_4.7.jpg,cover,230,237,302,293
IMG_20230224_123849_4.8.jpg,cover,206,208,278,264
IMG_20230224_123849_4.9.jpg,cover,233,247,305,303
IMG_20230224_123915_5.0.jpg,cover,164,163,314,278
IMG_20230224_123915_5.1.jpg,cover,179,164,329,279
IMG_20230224_123915_5.10.jpg,cover,173,221,323,336
IMG_20230224_123915_5.11.jpg,cover,165,211,315,326
IMG_20230224_123915_5.12.jpg,cover,173,175,323,290
IMG_20230224_123915_5.13.jpg,cover,173,221,323,336
IMG_20230224_123915_5.14.jpg,cover,176,172,326,287
IMG_20230224_123915_5.15.jpg,cover,188,175,338,290
IMG_20230224_123915_5.16.jpg,cover,162,217,312,332
IMG_20230224_123915_5.17.jpg,cover,173,175,323,290
IMG_20230224_123915_5.18.jpg,cover,176,210,326,325
IMG_20230224_123915_5.19.jpg,cover,173,221,323,336
IMG_20230224_123915_5.2.jpg,cover,169,218,319,333
IMG_20230224_123915_5.20.jpg,cover,181,172,331,287
IMG_20230224_123915_5.21.jpg,cover,173,175,323,290
IMG_20230224_123915_5.22.jpg,cover,173,221,323,336
IMG_20230224_123915_5.23.jpg,cover,188,175,338,290
IMG_20230224_123915_5.24.jpg,cover,173,221,323,336
IMG_20230224_123915_5.25.jpg,cover,173,221,323,336
IMG_20230224_123915_5.26.jpg,cover,173,175,323,290
IMG_20230224_123915_5.27.jpg,cover,173,221,323,336
IMG_20230224_123915_5.28.jpg,cover,181,170,331,285
IMG_20230224_123915_5.29.jpg,cover,188,175,338,290
IMG_20230224_123915_5.3.jpg,cover,173,175,323,290
IMG_20230224_123915_5.30.jpg,cover,173,221,323,336
IMG_20230224_123915_5.31.jpg,cover,187,214,337,329
IMG_20230224_123915_5.32.jpg,cover,188,221,338,336
IMG_20230224_123915_5.33.jpg,cover,173,221,323,336
IMG_20230224_123915_5.34.jpg,cover,188,175,338,290
IMG_20230224_123915_5.35.jpg,cover,166,213,316,328
IMG_20230224_123915_5.36.jpg,cover,176,217,326,332
IMG_20230224_123915_5.37.jpg,cover,184,213,334,328
IMG_20230224_123915_5.38.jpg,cover,188,175,338,290
IMG_20230224_123915_5.39.jpg,cover,188,221,338,336
IMG_20230224_123915_5.4.jpg,cover,173,221,323,336
IMG_20230224_123915_5.40.jpg,cover,173,221,323,336
IMG_20230224_123915_5.41.jpg,cover,173,175,323,290
IMG_20230224_123915_5.42.jpg,cover,176,170,326,285
IMG_20230224_123915_5.43.jpg,cover,188,221,338,336
IMG_20230224_123915_5.44.jpg,cover,188,175,338,290
IMG_20230224_123915_5.45.jpg,cover,173,221,323,336
IMG_20230224_123915_5.46.jpg,cover,170,167,320,282
IMG_20230224_123915_5.47.jpg,cover,166,164,316,279
IMG_20230224_123915_5.48.jpg,cover,173,221,323,336
IMG_20230224_123915_5.49.jpg,cover,184,217,334,332
IMG_20230224_123915_5.5.jpg,cover,170,166,320,281
IMG_20230224_123915_5.50.jpg,cover,187,218,337,333
IMG_20230224_123915_5.51.jpg,cover,188,175,338,290
IMG_20230224_123915_5.52.jpg,cover,188,175,338,290
IMG_20230224_123915_5.53.jpg,cover,180,175,330,290
IMG_20230224_123915_5.54.jpg,cover,173,175,323,290
IMG_20230224_123915_5.55.jpg,cover,188,221,338,336
IMG_20230224_123915_5.56.jpg,cover,183,173,333,288
IMG_20230224_123915_5.57.jpg,cover,182,219,332,334
IMG_20230224_123915_5.58.jpg,cover,179,163,329,278
IMG_20230224_123915_5.59.jpg,cover,169,166,319,281
IMG_20230224_123915_5.6.jpg,cover,173,175,323,290
IMG_20230224_123915_5.7.jpg,cover,179,170,329,285
IMG_20230224_123915_5.8.jpg,cover,188,221,338,336
IMG_20230224_123915_5.9.jpg,cover,188,175,338,290
IMG_20230224_123916_9.0.jpg,cover,215,232,357,342
IMG_20230224_123916_9.1.jpg,cover,208,227,350,337
IMG_20230224_123916_9.10.jpg,cover,145,163,287,273
IMG_20230224_123916_9.11.jpg,cover,215,167,357,277
IMG_20230224_123916_9.12.jpg,cover,143,165,285,275
IMG_20230224_123916_9.13.jpg,cover,150,225,292,335
IMG_20230224_123916_9.14.jpg,cover,215,167,357,277
IMG_20230224_123916_9.15.jpg,cover,204,225,346,335
IMG_20230224_123916_9.16.jpg,cover,209,160,351,270
IMG_20230224_123916_9.17.jpg,cover,154,157,296,267
IMG_20230224_123916_9.18.jpg,cover,154,234,296,344
IMG_20230224_123916_9.19.jpg,cover,206,160,348,270
IMG_20230224_123916_9.2.jpg,cover,154,167,296,277
IMG_20230224_123916_9.20.jpg,cover,154,167,296,277
IMG_20230224_123916_9.21.jpg,cover,144,231,286,341
IMG_20230224_123916_9.22.jpg,cover,148,224,290,334
IMG_20230224_123916_9.23.jpg,cover,143,166,285,276
IMG_20230224_123916_9.24.jpg,cover,208,228,350,338
IMG_20230224_123916_9.25.jpg,cover,215,234,357,344
IMG_20230224_123916_9.26.jpg,cover,154,234,296,344
IMG_20230224_123916_9.27.jpg,cover,151,228,293,338
IMG_20230224_123916_9.28.jpg,cover,215,167,357,277
IMG_20230224_123916_9.29.jpg,cover,143,229,285,339
IMG_20230224_123916_9.3.jpg,cover,213,225,355,335
IMG_20230224_123916_9.30.jpg,cover,215,234,357,344
IMG_20230224_123916_9.31.jpg,cover,154,167,296,277
IMG_20230224_123916_9.32.jpg,cover,215,234,357,344
IMG_20230224_123916_9.33.jpg,cover,152,223,294,333
IMG_20230224_123916_9.34.jpg,cover,154,167,296,277
IMG_20230224_123916_9.35.jpg,cover,154,167,296,277
IMG_20230224_123916_9.36.jpg,cover,154,234,296,344
IMG_20230224_123916_9.37.jpg,cover,208,162,350,272
IMG_20230224_123916_9.38.jpg,cover,215,167,357,277
IMG_20230224_123916_9.39.jpg,cover,143,162,285,272
IMG_20230224_123916_9.4.jpg,cover,207,166,349,276
IMG_20230224_123916_9.40.jpg,cover,153,158,295,268
IMG_20230224_123916_9.41.jpg,cover,213,157,355,267
IMG_20230224_123916_9.42.jpg,cover,215,234,357,344
IMG_20230224_123916_9.43.jpg,cover,215,233,357,343
IMG_20230224_123916_9.44.jpg,cover,213,232,355,342
IMG_20230224_123916_9.45.jpg,cover,215,167,357,277
IMG_20230224_123916_9.46.jpg,cover,205,158,347,268
IMG_20230224_123916_9.47.jpg,cover,151,231,293,341
IMG_20230224_123916_9.48.jpg,cover,154,234,296,344
IMG_20230224_123916_9.49.jpg,cover,207,158,349,268
IMG_20230224_123916_9.5.jpg,cover,215,234,357,344
IMG_20230224_123916_9.50.jpg,cover,209,233,351,343
IMG_20230224_123916_9.51.jpg,cover,215,234,357,344
IMG_20230224_123916_9.52.jpg,cover,150,161,292,271
IMG_20230224_123916_9.53.jpg,cover,154,234,296,344
IMG_20230224_123916_9.54.jpg,cover,154,234,296,344
IMG_20230224_123916_9.55.jpg,cover,215,167,357,277
IMG_20230224_123916_9.56.jpg,cover,145,230,287,340
IMG_20230224_123916_9.57.jpg,cover,210,230,352,340
IMG_20230224_123916_9.58.jpg,cover,153,166,295,276
IMG_20230224_123916_9.59.jpg,cover,154,234,296,344
IMG_20230224_123916_9.6.jpg,cover,154,234,296,344
IMG_20230224_123916_9.7.jpg,cover,154,167,296,277
IMG_20230224_123916_9.8.jpg,cover,152,163,294,273
IMG_20230224_123916_9.9.jpg,cover,154,225,296,335
IMG_20230224_123920_0.0.jpg,cover,188,228,284,302
IMG_20230224_123920_0.1.jpg,cover,186,196,282,270
IMG_20230224_123920_0.10.jpg,cover,224,233,320,307
IMG_20230224_123920_0.11.jpg,cover,223,222,319,296
IMG_20230224_123920_0.12.jpg,cover,191,203,287,277
IMG_20230224_123920_0.13.jpg,cover,224,204,320,278
IMG_20230224_123920_0.14.jpg,cover,221,194,317,268
IMG_20230224_123920_0.15.jpg,cover,191,204,287,278
IMG_20230224_123920_0.16.jpg,cover,191,233,287,307
IMG_20230224_123920_0.17.jpg,cover,191,233,287,307
IMG_20230224_123920_0.18.jpg,cover,224,204,320,278
IMG_20230224_123920_0.19.jpg,cover,191,204,287,278
IMG_20230224_123920_0.2.jpg,cover,221,193,317,267
IMG_20230224_123920_0.20.jpg,cover,189,203,285,277
IMG_20230224_123920_0.21.jpg,cover,219,230,315,304
IMG_20230224_123920_0.22.jpg,cover,216,199,312,273
IMG_20230224_123920_0.23.jpg,cover,185,232,281,306
IMG_20230224_123920_0.24.jpg,cover,222,229,318,303
IMG_20230224_123920_0.25.jpg,cover,213,222,309,296
IMG_20230224_123920_0.26.jpg,cover,224,204,320,278
IMG_20230224_123920_0.27.jpg,cover,215,204,311,278
IMG_20230224_123920_0.28.jpg,cover,191,233,287,307
IMG_20230224_123920_0.29.jpg,cover,191,204,287,278
IMG_20230224_123920_0.3.jpg,cover,224,233,320,307
IMG_20230224_123920_0.30.jpg,cover,181,223,277,297
IMG_20230224_123920_0.31.jpg,cover,181,228,277,302
IMG_20230224_123920_0.32.jpg,cover,224,233,320,307
IMG_20230224_123920_0.33.jpg,cover,222,224,318,298
IMG_20230224_123920_0.34.jpg,cover,212,221,308,295
IMG_20230224_123920_0.35.jpg,cover,191,204,287,278
IMG_20230224_123920_0.36.jpg,cover,191,233,287,307
IMG_20230224_123920_0.37.jpg,cover,188,204,284,278
IMG_20230224_123920_0.38.jpg,cover,224,233,320,307
IMG_20230224_123920_0.39.jpg,cover,224,233,320,307
IMG_20230224_123920_0.4.jpg,cover,179,203,275,277
IMG_20230224_123920_0.40.jpg,cover,224,233,320,307
IMG_20230224_123920_0.41.jpg,cover,224,233,320,307
IMG_20230224_123920_0.42.jpg,cover,184,200,280,274
IMG_20230224_123920_0.43.jpg,cover,191,204,287,278
IMG_20230224_123920_0.44.jpg,cover,224,233,320,307
IMG_20230224_123920_0.45.jpg,cover,191,204,287,278
IMG_20230224_123920_0.46.jpg,cover,190,201,286,275
IMG_20230224_123920_0.47.jpg,cover,191,233,287,307
IMG_20230224_123920_0.48.jpg,cover,224,204,320,278
IMG_20230224_123920_0.49.jpg,cover,191,233,287,307
IMG_20230224_123920_0.5.jpg,cover,190,232,286,306
IMG_20230224_123920_0.50.jpg,cover,184,198,280,272
IMG_20230224_123920_0.51.jpg,cover,224,233,320,307
IMG_20230224_123920_0.52.jpg,cover,224,204,320,278
IMG_20230224_123920_0.53.jpg,cover,191,204,287,278
IMG_20230224_123920_0.54.jpg,cover,224,200,320,274
IMG_20230224_123920_0.55.jpg,cover,191,233,287,307
IMG_20230224_123920_0.56.jpg,cover,220,223,316,297
IMG_20230224_123920_0.57.jpg,cover,182,224,278,298
IMG_20230224_123920_0.58.jpg,cover,191,233,287,307
IMG_20230224_123920_0.59.jpg,cover,191,204,287,278
IMG_20230224_123920_0.6.jpg,cover,214,223,310,297
IMG_20230224_123920_0.7.jpg,cover,224,233,320,307
IMG_20230224_123920_0.8.jpg,cover,191,204,287,278
IMG_20230224_123920_0.9.jpg,cover,218,229,314,303
IMG_20230224_123943_1.0.jpg,cover,214,241,327,326
IMG_20230224_123943_1.1.jpg,cover,167,167,280,252
IMG_20230224_123943_1.10.jpg,cover,218,243,331,328
IMG_20230224_123943_1.11.jpg,cover,220,173,333,258
IMG_20230224_123943_1.12.jpg,cover,167,242,280,327
IMG_20230224_123943_1.13.jpg,cover,178,173,291,258
IMG_20230224_123943_1.14.jpg,cover,220,173,333,258
IMG_20230224_123943_1.15.jpg,cover,209,171,322,256
IMG_20230224_123943_1.16.jpg,cover,178,173,291,258
IMG_20230224_123943_1.17.jpg,cover,220,173,333,258
IMG_20230224_123943_1.18.jpg,cover,220,173,333,258
IMG_20230224_123943_1.19.jpg,cover,214,244,327,329
IMG_20230224_123943_1.2.jpg,cover,173,247,286,332
IMG_20230224_123943_1.20.jpg,cover,208,164,321,249
IMG_20230224_123943_1.21.jpg,cover,178,253,291,338
IMG_20230224_123943_1.22.jpg,cover,178,173,291,258
IMG_20230224_123943_1.23.jpg,cover,220,253,333,338
IMG_20230224_123943_1.24.jpg,cover,178,253,291,338
IMG_20230224_123943_1.25.jpg,cover,169,242,282,327
IMG_20230224_123943_1.26.jpg,cover,175,170,288,255
IMG_20230224_123943_1.27.jpg,cover,178,173,291,258
IMG_20230224_123943_1.28.jpg,cover,178,173,291,258
IMG_20230224_123943_1.29.jpg,cover,212,167,325,252
IMG_20230224_123943_1.3.jpg,cover,220,253,333,338
IMG_20230224_123943_1.30.jpg,cover,178,173,291,258
IMG_20230224_123943_1.31.jpg,cover,220,253,333,338
IMG_20230224_123943_1.32.jpg,cover,220,173,333,258
IMG_20230224_123943_1.33.jpg,cover,220,173,333,258
IMG_20230224_123943_1.34.jpg,cover,169,249,282,334
IMG_20230224_123943_1.35.jpg,cover,220,253,333,338
IMG_20230224_123943_1.36.jpg,cover,220,253,333,338
IMG_20230224_123943_1.37.jpg,cover,178,243,291,328
IMG_20230224_123943_1.38.jpg,cover,216,172,329,257
IMG_20230224_123943_1.39.jpg,cover,178,173,291,258
IMG_20230224_123943_1.4.jpg,cover,212,244,325,329
IMG_20230224_123943_1.40.jpg,cover,173,252,286,337
IMG_20230224_123943_1.41.jpg,cover,220,253,333,338
IMG_20230224_123943_1.42.jpg,cover,178,253,291,338
IMG_20230224_123943_1.43.jpg,cover,213,247,326,332
IMG_20230224_123943_1.44.jpg,cover,178,173,291,258
IMG_20230224_123943_1.45.jpg,cover,220,253,333,338
IMG_20230224_123943_1.46.jpg,cover,170,252,283,337
IMG_20230224_123943_1.47.jpg,cover,176,161,289,246
IMG_20230224_123943_1.48.jpg,cover,167,243,280,328
IMG_20230224_123943_1.49.jpg,cover,220,253,333,338
IMG_20230224_123943_1.5.jpg,cover,220,253,333,338
IMG_20230224_123943_1.50.jpg,cover,178,173,291,258
IMG_20230224_123943_1.51.jpg,cover,220,253,333,338
IMG_20230224_123943_1.52.jpg,cover,178,173,291,258
IMG_20230224_123943_1.53.jpg,cover,178,253,291,338
IMG_20230224_123943_1.54.jpg,cover,220,253,333,338
IMG_20230224_123943_1.55.jpg,cover,178,253,291,338
IMG_20230224_123943_1.56.jpg,cover,178,173,291,258
IMG_20230224_123943_1.57.jpg,cover,220,173,333,258
IMG_20230224_123943_1.58.jpg,cover,215,165,328,250
IMG_20230224_123943_1.59.jpg,cover,211,249,324,334
IMG_20230224_123943_1.6.jpg,cover,178,253,291,338
IMG_20230224_123943_1.7.jpg,cover,178,168,291,253
IMG_20230224_123943_1.8.jpg,cover,212,167,325,252
IMG_20230224_123943_1.9.jpg,cover,178,173,291,258
IMG_20230316_063718_7.0.jpg,cover,250,240,304,286
IMG_20230316_063718_7.1.jpg,cover,207,240,261,286
IMG_20230316_063718_7.10.jpg,cover,195,231,249,277
IMG_20230316_063718_7.11.jpg,cover,243,218,297,263
IMG_20230316_063718_7.12.jpg,cover,196,230,250,276
IMG_20230316_063718_7.13.jpg,cover,250,240,304,286
IMG_20230316_063718_7.14.jpg,cover,207,226,261,271
IMG_20230316_063718_7.15.jpg,cover,207,240,261,286
IMG_20230316_063718_7.16.jpg,cover,248,216,302,261
IMG_20230316_063718_7.17.jpg,cover,207,226,261,271
IMG_20230316_063718_7.18.jpg,cover,195,215,249,260
IMG_20230316_063718_7.19.jpg,cover,196,222,250,268
IMG_20230316_063718_7.2.jpg,cover,200,217,254,262
IMG_20230316_063718_7.20.jpg,cover,250,226,304,271
IMG_20230316_063718_7.21.jpg,cover,246,219,300,265
IMG_20230316_063718_7.22.jpg,cover,241,240,295,286
IMG_20230316_063718_7.23.jpg,cover,250,240,304,286
IMG_20230316_063718_7.24.jpg,cover,202,214,256,259
IMG_20230316_063718_7.25.jpg,cover,207,240,261,286
IMG_20230316_063718_7.26.jpg,cover,207,226,261,271
IMG_20230316_063718_7.27.jpg,cover,207,226,261,271
IMG_20230316_063718_7.28.jpg,cover,200,236,254,282
IMG_20230316_063718_7.29.jpg,cover,239,223,293,269
IMG_20230316_063718_7.3.jpg,cover,202,222,256,268
IMG_20230316_063718_7.30.jpg,cover,250,240,304,286
IMG_20230316_063718_7.31.jpg,cover,250,226,304,271
IMG_20230316_063718_7.32.jpg,cover,240,222,294,268
IMG_20230316_063718_7.33.jpg,cover,207,240,261,286
IMG_20230316_063718_7.34.jpg,cover,207,240,261,286
IMG_20230316_063718_7.35.jpg,cover,207,226,261,271
IMG_20230316_063718_7.36.jpg,cover,203,231,257,277
IMG_20230316_063718_7.37.jpg,cover,198,228,252,274
IMG_20230316_063718_7.38.jpg,cover,205,228,259,274
IMG_20230316_063718_7.39.jpg,cover,207,240,261,286
IMG_20230316_063718_7.4.jpg,cover,250,226,304,271
IMG_20230316_063718_7.40.jpg,cover,203,240,257,286
IMG_20230316_063718_7.41.jpg,cover,207,240,261,286
IMG_20230316_063718_7.42.jpg,cover,248,239,302,285
IMG_20230316_063718_7.43.jpg,cover,206,218,260,263
IMG_20230316_063718_7.44.jpg,cover,238,225,292,271
IMG_20230316_063718_7.45.jpg,cover,199,220,253,266
IMG_20230316_063718_7.46.jpg,cover,247,225,301,271
IMG_20230316_063718_7.47.jpg,cover,203,220,257,266
IMG_20230316_063718_7.48.jpg,cover,207,226,261,271
IMG_20230316_063718_7.49.jpg,cover,206,238,260,284
IMG_20230316_063718_7.5.jpg,cover,207,240,261,286
IMG_20230316_063718_7.50.jpg,cover,207,240,261,286
IMG_20230316_063718_7.51.jpg,cover,207,240,261,286
IMG_20230316_063718_7.52.jpg,cover,250,240,304,286
IMG_20230316_063718_7.53.jpg,cover,248,225,302,271
IMG_20230316_063718_7.54.jpg,cover,204,224,258,270
IMG_20230316_063718_7.55.jpg,cover,199,240,253,286
IMG_20230316_063718_7.56.jpg,cover,250,222,304,268
IMG_20230316_063718_7.57.jpg,cover,207,226,261,271
IMG_20230316_063718_7.58.jpg,cover,204,224,258,270
IMG_20230316_063718_7.59.jpg,cover,207,226,261,271
IMG_20230316_063718_7.6.jpg,cover,248,218,302,263
IMG_20230316_063718_7.7.jpg,cover,242,240,296,286
IMG_20230316_063718_7.8.jpg,cover,207,240,261,286
IMG_20230316_063718_7.9.jpg,cover,207,240,261,286
IMG_20230316_063720_7.0.jpg,cover,250,238,306,282
IMG_20230316_063720_7.1.jpg,cover,241,226,297,270
IMG_20230316_063720_7.10.jpg,cover,204,230,260,274
IMG_20230316_063720_7.11.jpg,cover,202,229,258,273
IMG_20230316_063720_7.12.jpg,cover,205,229,261,273
IMG_20230316_063720_7.13.jpg,cover,205,238,261,282
IMG_20230316_063720_7.14.jpg,cover,205,229,261,273
IMG_20230316_063720_7.15.jpg,cover,205,230,261,274
IMG_20230316_063720_7.16.jpg,cover,250,229,306,273
IMG_20230316_063720_7.17.jpg,cover,205,229,261,273
IMG_20230316_063720_7.18.jpg,cover,249,229,305,273
IMG_20230316_063720_7.19.jpg,cover,239,235,295,279
IMG_20230316_063720_7.2.jpg,cover,200,233,256,277
IMG_20230316_063720_7.20.jpg,cover,201,235,257,279
IMG_20230316_063720_7.21.jpg,cover,205,238,261,282
IMG_20230316_063720_7.22.jpg,cover,250,238,306,282
IMG_20230316_063720_7.23.jpg,cover,205,238,261,282
IMG_20230316_063720_7.24.jpg,cover,250,238,306,282
IMG_20230316_063720_7.25.jpg,cover,205,229,261,273
IMG_20230316_063720_7.26.jpg,cover,250,229,306,273
IMG_20230316_063720_7.27.jpg,cover,205,238,261,282
IMG_20230316_063720_7.28.jpg,cover,205,229,261,273
IMG_20230316_063720_7.29.jpg,cover,202,222,258,266
IMG_20230316_063720_7.3.jpg,cover,250,227,306,271
IMG_20230316_063720_7.30.jpg,cover,205,229,261,273
IMG_20230316_063720_7.31.jpg,cover,250,238,306,282
IMG_20230316_063720_7.32.jpg,cover,250,229,306,273
IMG_20230316_063720_7.33.jpg,cover,205,238,261,282
IMG_20230316_063720_7.34.jpg,cover,250,238,306,282
IMG_20230316_063720_7.35.jpg,cover,198,218,254,262
IMG_20230316_063720_7.36.jpg,cover,205,229,261,273
IMG_20230316_063720_7.37.jpg,cover,203,238,259,282
IMG_20230316_063720_7.38.jpg,cover,201,232,257,276
IMG_20230316_063720_7.39.jpg,cover,197,218,253,262
IMG_20230316_063720_7.4.jpg,cover,205,229,261,273
IMG_20230316_063720_7.40.jpg,cover,250,220,306,264
IMG_20230316_063720_7.41.jpg,cover,205,238,261,282
IMG_20230316_063720_7.42.jpg,cover,205,238,261,282
IMG_20230316_063720_7.43.jpg,cover,197,238,253,282
IMG_20230316_063720_7.44.jpg,cover,205,238,261,282
IMG_20230316_063720_7.45.jpg,cover,205,229,261,273
IMG_20230316_063720_7.46.jpg,cover,205,238,261,282
IMG_20230316_063720_7.47.jpg,cover,242,221,298,265
IMG_20230316_063720_7.48.jpg,cover,250,229,306,273
IMG_20230316_063720_7.49.jpg,cover,241,229,297,273
IMG_20230316_063720_7.5.jpg,cover,250,238,306,282
IMG_20230316_063720_7.50.jpg,cover,250,229,306,273
IMG_20230316_063720_7.51.jpg,cover,203,225,259,269
IMG_20230316_063720_7.52.jpg,cover,197,233,253,277
IMG_20230316_063720_7.53.jpg,cover,205,238,261,282
IMG_20230316_063720_7.54.jpg,cover,205,229,261,273
IMG_20230316_063720_7.55.jpg,cover,203,226,259,270
IMG_20230316_063720_7.56.jpg,cover,199,221,255,265
IMG_20230316_063720_7.57.jpg,cover,250,238,306,282
IMG_20230316_063720_7.58.jpg,cover,201,221,257,265
IMG_20230316_063720_7.59.jpg,cover,243,229,299,273
IMG_20230316_063720_7.6.jpg,cover,244,227,300,271
IMG_20230316_063720_7.7.jpg,cover,205,229,261,273
IMG_20230316_063720_7.8.jpg,cover,205,238,261,282
IMG_20230316_063720_7.9.jpg,cover,239,221,295,265
IMG_20230316_063722_6.0.jpg,cover,188,218,248,265
IMG_20230316_063722_6.1.jpg,cover,253,226,313,273
IMG_20230316_063722_6.10.jpg,cover,198,226,258,273
IMG_20230316_063722_6.11.jpg,cover,186,228,246,275
IMG_20230316_063722_6.12.jpg,cover,198,238,258,285
IMG_20230316_063722_6.13.jpg,cover,198,226,258,273
IMG_20230316_063722_6.14.jpg,cover,248,222,308,269
IMG_20230316_063722_6.15.jpg,cover,253,238,313,285
IMG_20230316_063722_6.16.jpg,cover,253,238,313,285
IMG_20230316_063722_6.17.jpg,cover,249,220,309,267
IMG_20230316_063722_6.18.jpg,cover,243,215,303,262
IMG_20230316_063722_6.19.jpg,cover,198,226,258,273
IMG_20230316_063722_6.2.jpg,cover,198,238,258,285
IMG_20230316_063722_6.20.jpg,cover,250,222,310,269
IMG_20230316_063722_6.21.jpg,cover,247,234,307,281
IMG_20230316_063722_6.22.jpg,cover,253,238,313,285
IMG_20230316_063722_6.23.jpg,cover,198,226,258,273
IMG_20230316_063722_6.24.jpg,cover,252,233,312,280
IMG_20230316_063722_6.25.jpg,cover,253,238,313,285
IMG_20230316_063722_6.26.jpg,cover,253,226,313,273
IMG_20230316_063722_6.27.jpg,cover,250,220,310,267
IMG_20230316_063722_6.28.jpg,cover,198,226,258,273
IMG_20230316_063722_6.29.jpg,cover,253,226,313,273
IMG_20230316_063722_6.3.jpg,cover,198,238,258,285
IMG_20230316_063722_6.30.jpg,cover,198,226,258,273
IMG_20230316_063722_6.31.jpg,cover,253,223,313,270
IMG_20230316_063722_6.32.jpg,cover,249,230,309,277
IMG_20230316_063722_6.33.jpg,cover,194,219,254,266
IMG_20230316_063722_6.34.jpg,cover,198,238,258,285
IMG_20230316_063722_6.35.jpg,cover,241,223,301,270
IMG_20230316_063722_6.36.jpg,cover,198,226,258,273
IMG_20230316_063722_6.37.jpg,cover,241,234,301,281
IMG_20230316_063722_6.38.jpg,cover,198,226,258,273
IMG_20230316_063722_6.39.jpg,cover,193,230,253,277
IMG_20230316_063722_6.4.jpg,cover,247,215,307,262
IMG_20230316_063722_6.40.jpg,cover,241,216,301,263
IMG_20230316_063722_6.41.jpg,cover,253,226,313,273
IMG_20230316_063722_6.42.jpg,cover,246,221,306,268
IMG_20230316_063722_6.43.jpg,cover,191,223,251,270
IMG_20230316_063722_6.44.jpg,cover,198,226,258,273
IMG_20230316_063722_6.45.jpg,cover,253,218,313,265
IMG_20230316_063722_6.46.jpg,cover,198,238,258,285
IMG_20230316_063722_6.47.jpg,cover,198,238,258,285
IMG_20230316_063722_6.48.jpg,cover,253,225,313,272
IMG_20230316_063722_6.49.jpg,cover,186,215,246,262
IMG_20230316_063722_6.5.jpg,cover,198,238,258,285
IMG_20230316_063722_6.50.jpg,cover,246,215,306,262
IMG_20230316_063722_6.51.jpg,cover,194,234,254,281
IMG_20230316_063722_6.52.jpg,cover,192,232,252,279
IMG_20230316_063722_6.53.jpg,cover,253,226,313,273
IMG_20230316_063722_6.54.jpg,cover,253,238,313,285
IMG_20230316_063722_6.55.jpg,cover,198,226,258,273
IMG_20230316_063722_6.56.jpg,cover,198,226,258,273
IMG_20230316_063722_6.57.jpg,cover,248,238,308,285
IMG_20230316_063722_6.58.jpg,cover,198,238,258,285
IMG_20230316_063722_6.59.jpg,cover,198,237,258,284
IMG_20230316_063722_6.6.jpg,cover,246,228,306,275
IMG_20230316_063722_6.7.jpg,cover,253,226,313,273
IMG_20230316_063722_6.8.jpg,cover,251,217,311,264
IMG_20230316_063722_6.9.jpg,cover,198,226,258,273
IMG_20230316_063846_2.0.jpg,cover,208,165,256,201
IMG_20230316_063846_2.1.jpg,cover,255,310,303,346
IMG_20230316_063846_2.10.jpg,cover,208,310,256,346
IMG_20230316_063846_2.11.jpg,cover,208,310,256,346
IMG_20230316_063846_2.12.jpg,cover,196,160,244,196
IMG_20230316_063846_2.13.jpg,cover,255,310,303,346
IMG_20230316_063846_2.14.jpg,cover,205,155,253,191
IMG_20230316_063846_2.15.jpg,cover,247,308,295,344
IMG_20230316_063846_2.16.jpg,cover,208,165,256,201
IMG_20230316_063846_2.17.jpg,cover,208,165,256,201
IMG_20230316_063846_2.18.jpg,cover,255,165,303,201
IMG_20230316_063846_2.19.jpg,cover,255,158,303,194
IMG_20230316_063846_2.2.jpg,cover,255,165,303,201
IMG_20230316_063846_2.20.jpg,cover,208,310,256,346
IMG_20230316_063846_2.21.jpg,cover,255,165,303,201
IMG_20230316_063846_2.22.jpg,cover,244,306,292,342
IMG_20230316_063846_2.23.jpg,cover,255,165,303,201
IMG_20230316_063846_2.24.jpg,cover,255,165,303,201
IMG_20230316_063846_2.25.jpg,cover,255,310,303,346
IMG_20230316_063846_2.26.jpg,cover,208,165,256,201
IMG_20230316_063846_2.27.jpg,cover,206,304,254,340
IMG_20230316_063846_2.28.jpg,cover,201,310,249,346
IMG_20230316_063846_2.29.jpg,cover,255,310,303,346
IMG_20230316_063846_2.3.jpg,cover,208,310,256,346
IMG_20230316_063846_2.30.jpg,cover,255,310,303,346
IMG_20230316_063846_2.31.jpg,cover,205,305,253,341
IMG_20230316_063846_2.32.jpg,cover,252,161,300,197
IMG_20230316_063846_2.33.jpg,cover,206,155,254,191
IMG_20230316_063846_2.34.jpg,cover,198,153,246,189
IMG_20230316_063846_2.35.jpg,cover,255,165,303,201
IMG_20230316_063846_2.36.jpg,cover,208,165,256,201
IMG_20230316_063846_2.37.jpg,cover,208,165,256,201
IMG_20230316_063846_2.38.jpg,cover,255,310,303,346
IMG_20230316_063846_2.39.jpg,cover,255,165,303,201
IMG_20230316_063846_2.4.jpg,cover,202,310,250,346
IMG_20230316_063846_2.40.jpg,cover,206,309,254,345
IMG_20230316_063846_2.41.jpg,cover,255,310,303,346
IMG_20230316_063846_2.42.jpg,cover,251,304,299,340
IMG_20230316_063846_2.43.jpg,cover,208,310,256,346
IMG_20230316_063846_2.44.jpg,cover,252,310,300,346
IMG_20230316_063846_2.45.jpg,cover,252,161,300,197
IMG_20230316_063846_2.46.jpg,cover,250,154,298,190
IMG_20230316_063846_2.47.jpg,cover,252,307,300,343
IMG_20230316_063846_2.48.jpg,cover,255,310,303,346
IMG_20230316_063846_2.49.jpg,cover,197,302,245,338
IMG_20230316_063846_2.5.jpg,cover,247,301,295,337
IMG_20230316_063846_2.50.jpg,cover,208,307,256,343
IMG_20230316_063846_2.51.jpg,cover,198,301,246,337
IMG_20230316_063846_2.52.jpg,cover,202,157,250,193
IMG_20230316_063846_2.53.jpg,cover,208,165,256,201
IMG_20230316_063846_2.54.jpg,cover,255,310,303,346
IMG_20230316_063846_2.55.jpg,cover,255,165,303,201
IMG_20230316_063846_2.56.jpg,cover,197,299,245,335
IMG_20230316_063846_2.57.jpg,cover,255,310,303,346
IMG_20230316_063846_2.58.jpg,cover,252,307,300,343
IMG_20230316_063846_2.59.jpg,cover,255,310,303,346
IMG_20230316_063846_2.6.jpg,cover,206,309,254,345
IMG_20230316_063846_2.7.jpg,cover,204,307,252,343
IMG_20230316_063846_2.8.jpg,cover,207,162,255,198
IMG_20230316_063846_2.9.jpg,cover,255,310,303,346
IMG_20230316_063854_2.0.jpg,cover,225,220,271,257
IMG_20230316_063854_2.1.jpg,cover,240,250,286,287
IMG_20230316_063854_2.10.jpg,cover,240,224,286,261
IMG_20230316_063854_2.11.jpg,cover,225,250,271,287
IMG_20230316_063854_2.12.jpg,cover,215,250,261,287
IMG_20230316_063854_2.13.jpg,cover,225,224,271,261
IMG_20230316_063854_2.14.jpg,cover,240,250,286,287
IMG_20230316_063854_2.15.jpg,cover,240,250,286,287
IMG_20230316_063854_2.16.jpg,cover,225,224,271,261
IMG_20230316_063854_2.17.jpg,cover,240,250,286,287
IMG_20230316_063854_2.18.jpg,cover,217,224,263,261
IMG_20230316_063854_2.19.jpg,cover,240,250,286,287
IMG_20230316_063854_2.2.jpg,cover,240,224,286,261
IMG_20230316_063854_2.20.jpg,cover,240,224,286,261
IMG_20230316_063854_2.21.jpg,cover,240,224,286,261
IMG_20230316_063854_2.22.jpg,cover,240,214,286,251
IMG_20230316_063854_2.23.jpg,cover,225,224,271,261
IMG_20230316_063854_2.24.jpg,cover,225,250,271,287
IMG_20230316_063854_2.25.jpg,cover,217,212,263,249
IMG_20230316_063854_2.26.jpg,cover,225,250,271,287
IMG_20230316_063854_2.27.jpg,cover,225,250,271,287
IMG_20230316_063854_2.28.jpg,cover,213,216,259,253
IMG_20230316_063854_2.29.jpg,cover,240,224,286,261
IMG_20230316_063854_2.3.jpg,cover,225,250,271,287
IMG_20230316_063854_2.30.jpg,cover,225,250,271,287
IMG_20230316_063854_2.31.jpg,cover,239,239,285,276
IMG_20230316_063854_2.32.jpg,cover,240,250,286,287
IMG_20230316_063854_2.33.jpg,cover,232,212,278,249
IMG_20230316_063854_2.34.jpg,cover,232,250,278,287
IMG_20230316_063854_2.35.jpg,cover,225,250,271,287
IMG_20230316_063854_2.36.jpg,cover,216,223,262,260
IMG_20230316_063854_2.37.jpg,cover,240,250,286,287
IMG_20230316_063854_2.38.jpg,cover,225,224,271,261
IMG_20230316_063854_2.39.jpg,cover,240,224,286,261
IMG_20230316_063854_2.4.jpg,cover,240,224,286,261
IMG_20230316_063854_2.40.jpg,cover,240,224,286,261
IMG_20230316_063854_2.41.jpg,cover,240,224,286,261
IMG_20230316_063854_2.42.jpg,cover,238,214,284,251
IMG_20230316_063854_2.43.jpg,cover,221,222,267,259
IMG_20230316_063854_2.44.jpg,cover,216,212,262,249
IMG_20230316_063854_2.45.jpg,cover,223,248,269,285
IMG_20230316_063854_2.46.jpg,cover,223,247,269,284
IMG_20230316_063854_2.47.jpg,cover,233,223,279,260
IMG_20230316_063854_2.48.jpg,cover,225,250,271,287
IMG_20230316_063854_2.49.jpg,cover,240,224,286,261
IMG_20230316_063854_2.5.jpg,cover,240,224,286,261
IMG_20230316_063854_2.50.jpg,cover,240,224,286,261
IMG_20230316_063854_2.51.jpg,cover,213,245,259,282
IMG_20230316_063854_2.52.jpg,cover,219,217,265,254
IMG_20230316_063854_2.53.jpg,cover,225,224,271,261
IMG_20230316_063854_2.54.jpg,cover,225,239,271,276
IMG_20230316_063854_2.55.jpg,cover,240,250,286,287
IMG_20230316_063854_2.56.jpg,cover,228,238,274,275
IMG_20230316_063854_2.57.jpg,cover,240,221,286,258
IMG_20230316_063854_2.58.jpg,cover,225,224,271,261
IMG_20230316_063854_2.59.jpg,cover,236,249,282,286
IMG_20230316_063854_2.6.jpg,cover,225,250,271,287
IMG_20230316_063854_2.7.jpg,cover,225,250,271,287
IMG_20230316_063854_2.8.jpg,cover,225,224,271,261
IMG_20230316_063854_2.9.jpg,cover,218,216,264,253
IMG_20230316_063920_5.0.jpg,cover,236,219,270,267
IMG_20230316_063920_5.1.jpg,cover,236,207,270,255
IMG_20230316_063920_5.10.jpg,cover,233,238,267,286
IMG_20230316_063920_5.11.jpg,cover,241,244,275,292
IMG_20230316_063920_5.12.jpg,cover,231,240,265,288
IMG_20230316_063920_5.13.jpg,cover,241,244,275,292
IMG_20230316_063920_5.14.jpg,cover,236,219,270,267
IMG_20230316_063920_5.15.jpg,cover,235,208,269,256
IMG_20230316_063920_5.16.jpg,cover,238,243,272,291
IMG_20230316_063920_5.17.jpg,cover,241,244,275,292
IMG_20230316_063920_5.18.jpg,cover,236,244,270,292
IMG_20230316_063920_5.19.jpg,cover,229,233,263,281
IMG_20230316_063920_5.2.jpg,cover,227,242,261,290
IMG_20230316_063920_5.20.jpg,cover,236,209,270,257
IMG_20230316_063920_5.21.jpg,cover,225,216,259,264
IMG_20230316_063920_5.22.jpg,cover,238,209,272,257
IMG_20230316_063920_5.23.jpg,cover,241,240,275,288
IMG_20230316_063920_5.24.jpg,cover,224,233,258,281
IMG_20230316_063920_5.25.jpg,cover,224,236,258,284
IMG_20230316_063920_5.26.jpg,cover,237,216,271,264
IMG_20230316_063920_5.27.jpg,cover,227,215,261,263
IMG_20230316_063920_5.28.jpg,cover,236,219,270,267
IMG_20230316_063920_5.29.jpg,cover,241,219,275,267
IMG_20230316_063920_5.3.jpg,cover,241,244,275,292
IMG_20230316_063920_5.30.jpg,cover,236,244,270,292
IMG_20230316_063920_5.31.jpg,cover,241,244,275,292
IMG_20230316_063920_5.32.jpg,cover,234,233,268,281
IMG_20230316_063920_5.33.jpg,cover,231,209,265,257
IMG_20230316_063920_5.34.jpg,cover,227,207,261,255
IMG_20230316_063920_5.35.jpg,cover,226,244,260,292
IMG_20230316_063920_5.36.jpg,cover,241,244,275,292
IMG_20230316_063920_5.37.jpg,cover,227,214,261,262
IMG_20230316_063920_5.38.jpg,cover,240,244,274,292
IMG_20230316_063920_5.39.jpg,cover,239,215,273,263
IMG_20230316_063920_5.4.jpg,cover,239,216,273,264
IMG_20230316_063920_5.40.jpg,cover,236,233,270,281
IMG_20230316_063920_5.41.jpg,cover,231,235,265,283
IMG_20230316_063920_5.42.jpg,cover,236,244,270,292
IMG_20230316_063920_5.43.jpg,cover,236,244,270,292
IMG_20230316_063920_5.44.jpg,cover,225,232,259,280
IMG_20230316_063920_5.45.jpg,cover,239,233,273,281
IMG_20230316_063920_5.46.jpg,cover,236,219,270,267
IMG_20230316_063920_5.47.jpg,cover,236,244,270,292
IMG_20230316_063920_5.48.jpg,cover,236,244,270,292
IMG_20230316_063920_5.49.jpg,cover,236,219,270,267
IMG_20230316_063920_5.5.jpg,cover,234,212,268,260
IMG_20230316_063920_5.50.jpg,cover,233,219,267,267
IMG_20230316_063920_5.51.jpg,cover,240,244,274,292
IMG_20230316_063920_5.52.jpg,cover,229,207,263,255
IMG_20230316_063920_5.53.jpg,cover,241,244,275,292
IMG_20230316_063920_5.54.jpg,cover,241,244,275,292
IMG_20230316_063920_5.55.jpg,cover,241,244,275,292
IMG_20230316_063920_5.56.jpg,cover,236,219,270,267
IMG_20230316_063920_5.57.jpg,cover,241,219,275,267
IMG_20230316_063920_5.58.jpg,cover,241,244,275,292
IMG_20230316_063920_5.59.jpg,cover,241,244,275,292
IMG_20230316_063920_5.6.jpg,cover,241,219,275,267
IMG_20230316_063920_5.7.jpg,cover,234,241,268,289
IMG_20230316_063920_5.8.jpg,cover,236,219,270,267
IMG_20230316_063920_5.9.jpg,cover,234,216,268,264
IMG_20230316_063921_8.0.jpg,cover,250,243,283,290
IMG_20230316_063921_8.1.jpg,cover,244,238,277,285
IMG_20230316_063921_8.10.jpg,cover,250,221,283,268
IMG_20230316_063921_8.11.jpg,cover,218,237,251,284
IMG_20230316_063921_8.12.jpg,cover,250,221,283,268
IMG_20230316_063921_8.13.jpg,cover,250,221,283,268
IMG_20230316_063921_8.14.jpg,cover,250,243,283,290
IMG_20230316_063921_8.15.jpg,cover,227,210,260,257
IMG_20230316_063921_8.16.jpg,cover,228,221,261,268
IMG_20230316_063921_8.17.jpg,cover,250,221,283,268
IMG_20230316_063921_8.18.jpg,cover,223,214,256,261
IMG_20230316_063921_8.19.jpg,cover,240,215,273,262
IMG_20230316_063921_8.2.jpg,cover,250,218,283,265
IMG_20230316_063921_8.20.jpg,cover,240,216,273,263
IMG_20230316_063921_8.21.jpg,cover,217,215,250,262
IMG_20230316_063921_8.22.jpg,cover,244,241,277,288
IMG_20230316_063921_8.23.jpg,cover,239,216,272,263
IMG_20230316_063921_8.24.jpg,cover,250,221,283,268
IMG_20230316_063921_8.25.jpg,cover,228,243,261,290
IMG_20230316_063921_8.26.jpg,cover,228,243,261,290
IMG_20230316_063921_8.27.jpg,cover,228,243,261,290
IMG_20230316_063921_8.28.jpg,cover,250,243,283,290
IMG_20230316_063921_8.29.jpg,cover,248,232,281,279
IMG_20230316_063921_8.3.jpg,cover,223,210,256,257
IMG_20230316_063921_8.30.jpg,cover,228,221,261,268
IMG_20230316_063921_8.31.jpg,cover,249,232,282,279
IMG_20230316_063921_8.32.jpg,cover,228,221,261,268
IMG_20230316_063921_8.33.jpg,cover,250,221,283,268
IMG_20230316_063921_8.34.jpg,cover,223,240,256,287
IMG_20230316_063921_8.35.jpg,cover,241,233,274,280
IMG_20230316_063921_8.36.jpg,cover,228,243,261,290
IMG_20230316_063921_8.37.jpg,cover,240,214,273,261
IMG_20230316_063921_8.38.jpg,cover,228,221,261,268
IMG_20230316_063921_8.39.jpg,cover,240,236,273,283
IMG_20230316_063921_8.4.jpg,cover,223,213,256,260
IMG_20230316_063921_8.40.jpg,cover,250,221,283,268
IMG_20230316_063921_8.41.jpg,cover,250,221,283,268
IMG_20230316_063921_8.42.jpg,cover,250,221,283,268
IMG_20230316_063921_8.43.jpg,cover,226,238,259,285
IMG_20230316_063921_8.44.jpg,cover,228,221,261,268
IMG_20230316_063921_8.45.jpg,cover,246,233,279,280
IMG_20230316_063921_8.46.jpg,cover,219,232,252,279
IMG_20230316_063921_8.47.jpg,cover,216,221,249,268
IMG_20230316_063921_8.48.jpg,cover,241,219,274,266
IMG_20230316_063921_8.49.jpg,cover,246,211,279,258
IMG_20230316_063921_8.5.jpg,cover,227,220,260,267
IMG_20230316_063921_8.50.jpg,cover,228,221,261,268
IMG_20230316_063921_8.51.jpg,cover,228,221,261,268
IMG_20230316_063921_8.52.jpg,cover,228,234,261,281
IMG_20230316_063921_8.53.jpg,cover,227,218,260,265
IMG_20230316_063921_8.54.jpg,cover,242,210,275,257
IMG_20230316_063921_8.55.jpg,cover,228,221,261,268
IMG_20230316_063921_8.56.jpg,cover,247,238,280,285
IMG_20230316_063921_8.57.jpg,cover,247,232,280,279
IMG_20230316_063921_8.58.jpg,cover,223,217,256,264
IMG_20230316_063921_8.59.jpg,cover,241,218,274,265
IMG_20230316_063921_8.6.jpg,cover,250,221,283,268
IMG_20230316_063921_8.7.jpg,cover,250,243,283,290
IMG_20230316_063921_8.8.jpg,cover,228,243,261,290
IMG_20230316_063921_8.9.jpg,cover,224,238,257,285
IMG_20230316_063923_2.0.jpg,cover,232,253,269,298
IMG_20230316_063923_2.1.jpg,cover,242,253,279,298
IMG_20230316_063923_2.10.jpg,cover,234,205,271,250
IMG_20230316_063923_2.11.jpg,cover,222,241,259,286
IMG_20230316_063923_2.12.jpg,cover,242,253,279,298
IMG_20230316_063923_2.13.jpg,cover,242,253,279,298
IMG_20230316_063923_2.14.jpg,cover,242,213,279,258
IMG_20230316_063923_2.15.jpg,cover,242,213,279,258
IMG_20230316_063923_2.16.jpg,cover,232,253,269,298
IMG_20230316_063923_2.17.jpg,cover,228,204,265,249
IMG_20230316_063923_2.18.jpg,cover,242,213,279,258
IMG_20230316_063923_2.19.jpg,cover,223,252,260,297
IMG_20230316_063923_2.2.jpg,cover,232,213,269,258
IMG_20230316_063923_2.20.jpg,cover,242,213,279,258
IMG_20230316_063923_2.21.jpg,cover,225,242,262,287
IMG_20230316_063923_2.22.jpg,cover,227,202,264,247
IMG_20230316_063923_2.23.jpg,cover,230,243,267,288
IMG_20230316_063923_2.24.jpg,cover,242,253,279,298
IMG_20230316_063923_2.25.jpg,cover,233,204,270,249
IMG_20230316_063923_2.26.jpg,cover,232,253,269,298
IMG_20230316_063923_2.27.jpg,cover,232,245,269,290
IMG_20230316_063923_2.28.jpg,cover,232,213,269,258
IMG_20230316_063923_2.29.jpg,cover,235,252,272,297
IMG_20230316_063923_2.3.jpg,cover,236,247,273,292
IMG_20230316_063923_2.30.jpg,cover,234,206,271,251
IMG_20230316_063923_2.31.jpg,cover,232,253,269,298
IMG_20230316_063923_2.32.jpg,cover,239,249,276,294
IMG_20230316_063923_2.33.jpg,cover,232,213,269,258
IMG_20230316_063923_2.34.jpg,cover,235,250,272,295
IMG_20230316_063923_2.35.jpg,cover,221,253,258,298
IMG_20230316_063923_2.36.jpg,cover,224,206,261,251
IMG_20230316_063923_2.37.jpg,cover,232,213,269,258
IMG_20230316_063923_2.38.jpg,cover,232,213,269,258
IMG_20230316_063923_2.39.jpg,cover,230,251,267,296
IMG_20230316_063923_2.4.jpg,cover,237,201,274,246
IMG_20230316_063923_2.40.jpg,cover,230,243,267,288
IMG_20230316_063923_2.41.jpg,cover,242,253,279,298
IMG_20230316_063923_2.42.jpg,cover,242,213,279,258
IMG_20230316_063923_2.43.jpg,cover,232,253,269,298
IMG_20230316_063923_2.44.jpg,cover,231,246,268,291
IMG_20230316_063923_2.45.jpg,cover,241,203,278,248
IMG_20230316_063923_2.46.jpg,cover,232,213,269,258
IMG_20230316_063923_2.47.jpg,cover,242,253,279,298
IMG_20230316_063923_2.48.jpg,cover,232,253,269,298
IMG_20230316_063923_2.49.jpg,cover,225,245,262,290
IMG_20230316_063923_2.5.jpg,cover,234,242,271,287
IMG_20230316_063923_2.50.jpg,cover,222,250,259,295
IMG_20230316_063923_2.51.jpg,cover,242,213,279,258
IMG_20230316_063923_2.52.jpg,cover,242,253,279,298
IMG_20230316_063923_2.53.jpg,cover,236,211,273,256
IMG_20230316_063923_2.54.jpg,cover,235,241,272,286
IMG_20230316_063923_2.55.jpg,cover,242,213,279,258
IMG_20230316_063923_2.56.jpg,cover,240,246,277,291
IMG_20230316_063923_2.57.jpg,cover,224,249,261,294
IMG_20230316_063923_2.58.jpg,cover,226,202,263,247
IMG_20230316_063923_2.59.jpg,cover,225,249,262,294
IMG_20230316_063923_2.6.jpg,cover,242,253,279,298
IMG_20230316_063923_2.7.jpg,cover,242,253,279,298
IMG_20230316_063923_2.8.jpg,cover,232,213,269,258
IMG_20230316_063923_2.9.jpg,cover,232,245,269,290
IMG_20230316_063925_4.0.jpg,cover,232,217,267,264
IMG_20230316_063925_4.1.jpg,cover,228,236,263,283
IMG_20230316_063925_4.10.jpg,cover,243,245,278,292
IMG_20230316_063925_4.11.jpg,cover,232,247,267,294
IMG_20230316_063925_4.12.jpg,cover,232,206,267,253
IMG_20230316_063925_4.13.jpg,cover,244,217,279,264
IMG_20230316_063925_4.14.jpg,cover,244,247,279,294
IMG_20230316_063925_4.15.jpg,cover,224,236,259,283
IMG_20230316_063925_4.16.jpg,cover,232,247,267,294
IMG_20230316_063925_4.17.jpg,cover,237,207,272,254
IMG_20230316_063925_4.18.jpg,cover,226,245,261,292
IMG_20230316_063925_4.19.jpg,cover,244,217,279,264
IMG_20230316_063925_4.2.jpg,cover,232,217,267,264
IMG_20230316_063925_4.20.jpg,cover,244,217,279,264
IMG_20230316_063925_4.21.jpg,cover,244,247,279,294
IMG_20230316_063925_4.22.jpg,cover,224,239,259,286
IMG_20230316_063925_4.23.jpg,cover,244,217,279,264
IMG_20230316_063925_4.24.jpg,cover,230,210,265,257
IMG_20230316_063925_4.25.jpg,cover,223,212,258,259
IMG_20230316_063925_4.26.jpg,cover,236,208,271,255
IMG_20230316_063925_4.27.jpg,cover,233,240,268,287
IMG_20230316_063925_4.28.jpg,cover,240,211,275,258
IMG_20230316_063925_4.29.jpg,cover,231,210,266,257
IMG_20230316_063925_4.3.jpg,cover,232,247,267,294
IMG_20230316_063925_4.30.jpg,cover,238,216,273,263
IMG_20230316_063925_4.31.jpg,cover,244,217,279,264
IMG_20230316_063925_4.32.jpg,cover,232,217,267,264
IMG_20230316_063925_4.33.jpg,cover,238,215,273,262
IMG_20230316_063925_4.34.jpg,cover,244,247,279,294
IMG_20230316_063925_4.35.jpg,cover,222,239,257,286
IMG_20230316_063925_4.36.jpg,cover,238,214,273,261
IMG_20230316_063925_4.37.jpg,cover,229,242,264,289
IMG_20230316_063925_4.38.jpg,cover,231,237,266,284
IMG_20230316_063925_4.39.jpg,cover,244,247,279,294
IMG_20230316_063925_4.4.jpg,cover,242,214,277,261
IMG_20230316_063925_4.40.jpg,cover,240,244,275,291
IMG_20230316_063925_4.41.jpg,cover,232,213,267,260
IMG_20230316_063925_4.42.jpg,cover,232,217,267,264
IMG_20230316_063925_4.43.jpg,cover,244,217,279,264
IMG_20230316_063925_4.44.jpg,cover,232,247,267,294
IMG_20230316_063925_4.45.jpg,cover,236,237,271,284
IMG_20230316_063925_4.46.jpg,cover,244,247,279,294
IMG_20230316_063925_4.47.jpg,cover,234,211,269,258
IMG_20230316_063925_4.48.jpg,cover,227,238,262,285
IMG_20230316_063925_4.49.jpg,cover,240,205,275,252
IMG_20230316_063925_4.5.jpg,cover,232,217,267,264
IMG_20230316_063925_4.50.jpg,cover,223,247,258,294
IMG_20230316_063925_4.51.jpg,cover,220,238,255,285
IMG_20230316_063925_4.52.jpg,cover,231,211,266,258
IMG_20230316_063925_4.53.jpg,cover,232,217,267,264
IMG_20230316_063925_4.54.jpg,cover,242,205,277,252
IMG_20230316_063925_4.55.jpg,cover,238,206,273,253
IMG_20230316_063925_4.56.jpg,cover,244,217,279,264
IMG_20230316_063925_4.57.jpg,cover,228,242,263,289
IMG_20230316_063925_4.58.jpg,cover,227,211,262,258
IMG_20230316_063925_4.59.jpg,cover,237,216,272,263
IMG_20230316_063925_4.6.jpg,cover,232,247,267,294
IMG_20230316_063925_4.7.jpg,cover,232,247,267,294
IMG_20230316_063925_4.8.jpg,cover,232,247,267,294
IMG_20230316_063925_4.9.jpg,cover,244,247,279,294
IMG_20230316_063930_5.0.jpg,cover,321,238,363,297
IMG_20230316_063930_5.1.jpg,cover,148,238,190,297
IMG_20230316_063930_5.10.jpg,cover,320,229,362,288
IMG_20230316_063930_5.11.jpg,cover,320,213,362,272
IMG_20230316_063930_5.12.jpg,cover,148,214,190,273
IMG_20230316_063930_5.13.jpg,cover,317,232,359,291
IMG_20230316_063930_5.14.jpg,cover,147,207,189,266
IMG_20230316_063930_5.15.jpg,cover,148,238,190,297
IMG_20230316_063930_5.16.jpg,cover,321,210,363,269
IMG_20230316_063930_5.17.jpg,cover,321,238,363,297
IMG_20230316_063930_5.18.jpg,cover,148,214,190,273
IMG_20230316_063930_5.19.jpg,cover,321,238,363,297
IMG_20230316_063930_5.2.jpg,cover,321,238,363,297
IMG_20230316_063930_5.20.jpg,cover,139,214,181,273
IMG_20230316_063930_5.21.jpg,cover,148,214,190,273
IMG_20230316_063930_5.22.jpg,cover,146,237,188,296
IMG_20230316_063930_5.23.jpg,cover,321,238,363,297
IMG_20230316_063930_5.24.jpg,cover,321,211,363,270
IMG_20230316_063930_5.25.jpg,cover,315,207,357,266
IMG_20230316_063930_5.26.jpg,cover,148,214,190,273
IMG_20230316_063930_5.27.jpg,cover,145,210,187,269
IMG_20230316_063930_5.28.jpg,cover,314,212,356,271
IMG_20230316_063930_5.29.jpg,cover,142,213,184,272
IMG_20230316_063930_5.3.jpg,cover,321,214,363,273
IMG_20230316_063930_5.30.jpg,cover,148,214,190,273
IMG_20230316_063930_5.31.jpg,cover,148,238,190,297
IMG_20230316_063930_5.32.jpg,cover,148,214,190,273
IMG_20230316_063930_5.33.jpg,cover,321,238,363,297
IMG_20230316_063930_5.34.jpg,cover,143,230,185,289
IMG_20230316_063930_5.35.jpg,cover,321,214,363,273
IMG_20230316_063930_5.36.jpg,cover,148,214,190,273
IMG_20230316_063930_5.37.jpg,cover,148,238,190,297
IMG_20230316_063930_5.38.jpg,cover,148,238,190,297
IMG_20230316_063930_5.39.jpg,cover,321,214,363,273
IMG_20230316_063930_5.4.jpg,cover,321,214,363,273
IMG_20230316_063930_5.40.jpg,cover,148,214,190,273
IMG_20230316_063930_5.41.jpg,cover,321,214,363,273
IMG_20230316_063930_5.42.jpg,cover,148,214,190,273
IMG_20230316_063930_5.43.jpg,cover,137,226,179,285
IMG_20230316_063930_5.44.jpg,cover,321,238,363,297
IMG_20230316_063930_5.45.jpg,cover,148,238,190,297
IMG_20230316_063930_5.46.jpg,cover,319,202,361,261
IMG_20230316_063930_5.47.jpg,cover,318,231,360,290
IMG_20230316_063930_5.48.jpg,cover,148,238,190,297
IMG_20230316_063930_5.49.jpg,cover,321,238,363,297
IMG_20230316_063930_5.5.jpg,cover,141,235,183,294
IMG_20230316_063930_5.50.jpg,cover,148,238,190,297
IMG_20230316_063930_5.51.jpg,cover,148,238,190,297
IMG_20230316_063930_5.52.jpg,cover,148,238,190,297
IMG_20230316_063930_5.53.jpg,cover,321,214,363,273
IMG_20230316_063930_5.54.jpg,cover,148,238,190,297
IMG_20230316_063930_5.55.jpg,cover,321,238,363,297
IMG_20230316_063930_5.56.jpg,cover,142,202,184,261
IMG_20230316_063930_5.57.jpg,cover,148,238,190,297
IMG_20230316_063930_5.58.jpg,cover,148,214,190,273
IMG_20230316_063930_5.59.jpg,cover,316,227,358,286
IMG_20230316_063930_5.6.jpg,cover,321,214,363,273
IMG_20230316_063930_5.7.jpg,cover,313,237,355,296
IMG_20230316_063930_5.8.jpg,cover,321,214,363,273
IMG_20230316_063930_5.9.jpg,cover,317,238,359,297
IMG_20230316_063932_3.0.jpg,cover,165,245,200,301
IMG_20230316_063932_3.1.jpg,cover,165,209,200,265
IMG_20230316_063932_3.10.jpg,cover,300,245,335,301
IMG_20230316_063932_3.11.jpg,cover,153,209,188,265
IMG_20230316_063932_3.12.jpg,cover,165,210,200,266
IMG_20230316_063932_3.13.jpg,cover,299,242,334,298
IMG_20230316_063932_3.14.jpg,cover,308,208,343,264
IMG_20230316_063932_3.15.jpg,cover,301,208,336,264
IMG_20230316_063932_3.16.jpg,cover,311,245,346,301
IMG_20230316_063932_3.17.jpg,cover,306,234,341,290
IMG_20230316_063932_3.18.jpg,cover,311,210,346,266
IMG_20230316_063932_3.19.jpg,cover,305,236,340,292
IMG_20230316_063932_3.2.jpg,cover,311,245,346,301
IMG_20230316_063932_3.20.jpg,cover,165,210,200,266
IMG_20230316_063932_3.21.jpg,cover,165,210,200,266
IMG_20230316_063932_3.22.jpg,cover,302,245,337,301
IMG_20230316_063932_3.23.jpg,cover,153,208,188,264
IMG_20230316_063932_3.24.jpg,cover,162,198,197,254
IMG_20230316_063932_3.25.jpg,cover,161,208,196,264
IMG_20230316_063932_3.26.jpg,cover,154,237,189,293
IMG_20230316_063932_3.27.jpg,cover,165,245,200,301
IMG_20230316_063932_3.28.jpg,cover,165,245,200,301
IMG_20230316_063932_3.29.jpg,cover,159,240,194,296
IMG_20230316_063932_3.3.jpg,cover,164,233,199,289
IMG_20230316_063932_3.30.jpg,cover,311,245,346,301
IMG_20230316_063932_3.31.jpg,cover,156,198,191,254
IMG_20230316_063932_3.32.jpg,cover,165,210,200,266
IMG_20230316_063932_3.33.jpg,cover,165,210,200,266
IMG_20230316_063932_3.34.jpg,cover,159,241,194,297
IMG_20230316_063932_3.35.jpg,cover,155,241,190,297
IMG_20230316_063932_3.36.jpg,cover,163,200,198,256
IMG_20230316_063932_3.37.jpg,cover,305,239,340,295
IMG_20230316_063932_3.38.jpg,cover,165,210,200,266
IMG_20230316_063932_3.39.jpg,cover,161,201,196,257
IMG_20230316_063932_3.4.jpg,cover,162,203,197,259
IMG_20230316_063932_3.40.jpg,cover,158,233,193,289
IMG_20230316_063932_3.41.jpg,cover,302,241,337,297
IMG_20230316_063932_3.42.jpg,cover,153,241,188,297
IMG_20230316_063932_3.43.jpg,cover,165,210,200,266
IMG_20230316_063932_3.44.jpg,cover,305,200,340,256
IMG_20230316_063932_3.45.jpg,cover,165,210,200,266
IMG_20230316_063932_3.46.jpg,cover,311,245,346,301
IMG_20230316_063932_3.47.jpg,cover,306,198,341,254
IMG_20230316_063932_3.48.jpg,cover,165,210,200,266
IMG_20230316_063932_3.49.jpg,cover,311,245,346,301
IMG_20230316_063932_3.5.jpg,cover,307,239,342,295
IMG_20230316_063932_3.50.jpg,cover,309,243,344,299
IMG_20230316_063932_3.51.jpg,cover,160,206,195,262
IMG_20230316_063932_3.52.jpg,cover,311,210,346,266
IMG_20230316_063932_3.53.jpg,cover,306,204,341,260
IMG_20230316_063932_3.54.jpg,cover,165,245,200,301
IMG_20230316_063932_3.55.jpg,cover,311,210,346,266
IMG_20230316_063932_3.56.jpg,cover,301,199,336,255
IMG_20230316_063932_3.57.jpg,cover,164,242,199,298
IMG_20230316_063932_3.58.jpg,cover,311,210,346,266
IMG_20230316_063932_3.59.jpg,cover,159,243,194,299
IMG_20230316_063932_3.6.jpg,cover,299,238,334,294
IMG_20230316_063932_3.7.jpg,cover,303,241,338,297
IMG_20230316_063932_3.8.jpg,cover,163,245,198,301
IMG_20230316_063932_3.9.jpg,cover,165,210,200,266
IMG_20230316_063942_8.0.jpg,cover,197,200,240,253
IMG_20230316_063942_8.1.jpg,cover,204,203,247,256
IMG_20230316_063942_8.10.jpg,cover,204,255,247,308
IMG_20230316_063942_8.11.jpg,cover,253,199,296,252
IMG_20230316_063942_8.12.jpg,cover,204,255,247,308
IMG_20230316_063942_8.13.jpg,cover,260,255,303,308
IMG_20230316_063942_8.14.jpg,cover,204,203,247,256
IMG_20230316_063942_8.15.jpg,cover,200,202,243,255
IMG_20230316_063942_8.16.jpg,cover,264,203,307,256
IMG_20230316_063942_8.17.jpg,cover,264,203,307,256
IMG_20230316_063942_8.18.jpg,cover,201,253,244,306
IMG_20230316_063942_8.19.jpg,cover,264,255,307,308
IMG_20230316_063942_8.2.jpg,cover,264,255,307,308
IMG_20230316_063942_8.20.jpg,cover,259,252,302,305
IMG_20230316_063942_8.21.jpg,cover,194,243,237,296
IMG_20230316_063942_8.22.jpg,cover,194,252,237,305
IMG_20230316_063942_8.23.jpg,cover,264,203,307,256
IMG_20230316_063942_8.24.jpg,cover,204,203,247,256
IMG_20230316_063942_8.25.jpg,cover,258,192,301,245
IMG_20230316_063942_8.26.jpg,cover,204,203,247,256
IMG_20230316_063942_8.27.jpg,cover,264,203,307,256
IMG_20230316_063942_8.28.jpg,cover,204,255,247,308
IMG_20230316_063942_8.29.jpg,cover,195,248,238,301
IMG_20230316_063942_8.3.jpg,cover,204,203,247,256
IMG_20230316_063942_8.30.jpg,cover,264,255,307,308
IMG_20230316_063942_8.31.jpg,cover,257,252,300,305
IMG_20230316_063942_8.32.jpg,cover,264,255,307,308
IMG_20230316_063942_8.33.jpg,cover,264,203,307,256
IMG_20230316_063942_8.34.jpg,cover,192,193,235,246
IMG_20230316_063942_8.35.jpg,cover,259,199,302,252
IMG_20230316_063942_8.36.jpg,cover,196,254,239,307
IMG_20230316_063942_8.37.jpg,cover,201,197,244,250
IMG_20230316_063942_8.38.jpg,cover,196,202,239,255
IMG_20230316_063942_8.39.jpg,cover,264,203,307,256
IMG_20230316_063942_8.4.jpg,cover,203,203,246,256
IMG_20230316_063942_8.40.jpg,cover,196,254,239,307
IMG_20230316_063942_8.41.jpg,cover,203,247,246,300
IMG_20230316_063942_8.42.jpg,cover,201,247,244,300
IMG_20230316_063942_8.43.jpg,cover,254,194,297,247
IMG_20230316_063942_8.44.jpg,cover,198,194,241,247
IMG_20230316_063942_8.45.jpg,cover,204,255,247,308
IMG_20230316_063942_8.46.jpg,cover,201,247,244,300
IMG_20230316_063942_8.47.jpg,cover,253,198,296,251
IMG_20230316_063942_8.48.jpg,cover,202,244,245,297
IMG_20230316_063942_8.49.jpg,cover,195,191,238,244
IMG_20230316_063942_8.5.jpg,cover,204,203,247,256
IMG_20230316_063942_8.50.jpg,cover,195,198,238,251
IMG_20230316_063942_8.51.jpg,cover,204,255,247,308
IMG_20230316_063942_8.52.jpg,cover,195,255,238,308
IMG_20230316_063942_8.53.jpg,cover,204,203,247,256
IMG_20230316_063942_8.54.jpg,cover,204,203,247,256
IMG_20230316_063942_8.55.jpg,cover,200,203,243,256
IMG_20230316_063942_8.56.jpg,cover,202,191,245,244
IMG_20230316_063942_8.57.jpg,cover,264,203,307,256
IMG_20230316_063942_8.58.jpg,cover,256,251,299,304
IMG_20230316_063942_8.59.jpg,cover,194,248,237,301
IMG_20230316_063942_8.6.jpg,cover,264,203,307,256
IMG_20230316_063942_8.7.jpg,cover,255,202,298,255
IMG_20230316_063942_8.8.jpg,cover,204,255,247,308
IMG_20230316_063942_8.9.jpg,cover,204,203,247,256
IMG_20230316_063944_7.0.jpg,cover,250,221,296,280
IMG_20230316_063944_7.1.jpg,cover,204,223,250,282
IMG_20230316_063944_7.10.jpg,cover,261,226,307,285
IMG_20230316_063944_7.11.jpg,cover,195,214,241,273
IMG_20230316_063944_7.12.jpg,cover,261,226,307,285
IMG_20230316_063944_7.13.jpg,cover,200,217,246,276
IMG_20230316_063944_7.14.jpg,cover,204,226,250,285
IMG_20230316_063944_7.15.jpg,cover,261,226,307,285
IMG_20230316_063944_7.16.jpg,cover,198,220,244,279
IMG_20230316_063944_7.17.jpg,cover,261,226,307,285
IMG_20230316_063944_7.18.jpg,cover,261,226,307,285
IMG_20230316_063944_7.19.jpg,cover,257,215,303,274
IMG_20230316_063944_7.2.jpg,cover,204,226,250,285
IMG_20230316_063944_7.20.jpg,cover,194,224,240,283
IMG_20230316_063944_7.21.jpg,cover,261,226,307,285
IMG_20230316_063944_7.22.jpg,cover,199,224,245,283
IMG_20230316_063944_7.23.jpg,cover,204,226,250,285
IMG_20230316_063944_7.24.jpg,cover,261,226,307,285
IMG_20230316_063944_7.25.jpg,cover,204,226,250,285
IMG_20230316_063944_7.26.jpg,cover,202,222,248,281
IMG_20230316_063944_7.27.jpg,cover,261,226,307,285
IMG_20230316_063944_7.28.jpg,cover,204,226,250,285
IMG_20230316_063944_7.29.jpg,cover,261,218,307,277
IMG_20230316_063944_7.3.jpg,cover,250,225,296,284
IMG_20230316_063944_7.30.jpg,cover,261,226,307,285
IMG_20230316_063944_7.31.jpg,cover,203,218,249,277
IMG_20230316_063944_7.32.jpg,cover,203,216,249,275
IMG_20230316_063944_7.33.jpg,cover,261,226,307,285
IMG_20230316_063944_7.34.jpg,cover,258,223,304,282
IMG_20230316_063944_7.35.jpg,cover,204,226,250,285
IMG_20230316_063944_7.36.jpg,cover,256,220,302,279
IMG_20230316_063944_7.37.jpg,cover,249,222,295,281
IMG_20230316_063944_7.38.jpg,cover,261,226,307,285
IMG_20230316_063944_7.39.jpg,cover,261,223,307,282
IMG_20230316_063944_7.4.jpg,cover,204,226,250,285
IMG_20230316_063944_7.40.jpg,cover,260,223,306,282
IMG_20230316_063944_7.41.jpg,cover,261,226,307,285
IMG_20230316_063944_7.42.jpg,cover,261,226,307,285
IMG_20230316_063944_7.43.jpg,cover,261,226,307,285
IMG_20230316_063944_7.44.jpg,cover,256,220,302,279
IMG_20230316_063944_7.45.jpg,cover,204,226,250,285
IMG_20230316_063944_7.46.jpg,cover,261,214,307,273
IMG_20230316_063944_7.47.jpg,cover,249,214,295,273
IMG_20230316_063944_7.48.jpg,cover,260,222,306,281
IMG_20230316_063944_7.49.jpg,cover,255,225,301,284
IMG_20230316_063944_7.5.jpg,cover,249,217,295,276
IMG_20230316_063944_7.50.jpg,cover,250,224,296,283
IMG_20230316_063944_7.51.jpg,cover,252,215,298,274
IMG_20230316_063944_7.52.jpg,cover,200,221,246,280
IMG_20230316_063944_7.53.jpg,cover,261,226,307,285
IMG_20230316_063944_7.54.jpg,cover,204,226,250,285
IMG_20230316_063944_7.55.jpg,cover,199,225,245,284
IMG_20230316_063944_7.56.jpg,cover,253,225,299,284
IMG_20230316_063944_7.57.jpg,cover,203,221,249,280
IMG_20230316_063944_7.58.jpg,cover,252,219,298,278
IMG_20230316_063944_7.59.jpg,cover,204,226,250,285
IMG_20230316_063944_7.6.jpg,cover,261,226,307,285
IMG_20230316_063944_7.7.jpg,cover,261,226,307,285
IMG_20230316_063944_7.8.jpg,cover,253,221,299,280
IMG_20230316_063944_7.9.jpg,cover,261,226,307,285
IMG_20230316_063952_2.0.jpg,cover,245,216,289,274
IMG_20230316_063952_2.1.jpg,cover,216,219,260,277
IMG_20230316_063952_2.10.jpg,cover,245,226,289,284
IMG_20230316_063952_2.11.jpg,cover,241,214,285,272
IMG_20230316_063952_2.12.jpg,cover,222,226,266,284
IMG_20230316_063952_2.13.jpg,cover,238,215,282,273
IMG_20230316_063952_2.14.jpg,cover,222,227,266,285
IMG_20230316_063952_2.15.jpg,cover,235,222,279,280
IMG_20230316_063952_2.16.jpg,cover,222,226,266,284
IMG_20230316_063952_2.17.jpg,cover,222,227,266,285
IMG_20230316_063952_2.18.jpg,cover,242,227,286,285
IMG_20230316_063952_2.19.jpg,cover,238,217,282,275
IMG_20230316_063952_2.2.jpg,cover,222,227,266,285
IMG_20230316_063952_2.20.jpg,cover,222,227,266,285
IMG_20230316_063952_2.21.jpg,cover,245,226,289,284
IMG_20230316_063952_2.22.jpg,cover,221,221,265,279
IMG_20230316_063952_2.23.jpg,cover,234,225,278,283
IMG_20230316_063952_2.24.jpg,cover,245,226,289,284
IMG_20230316_063952_2.25.jpg,cover,244,214,288,272
IMG_20230316_063952_2.26.jpg,cover,222,227,266,285
IMG_20230316_063952_2.27.jpg,cover,245,226,289,284
IMG_20230316_063952_2.28.jpg,cover,222,227,266,285
IMG_20230316_063952_2.29.jpg,cover,245,227,289,285
IMG_20230316_063952_2.3.jpg,cover,214,216,258,274
IMG_20230316_063952_2.30.jpg,cover,211,221,255,279
IMG_20230316_063952_2.31.jpg,cover,210,222,254,280
IMG_20230316_063952_2.32.jpg,cover,216,216,260,274
IMG_20230316_063952_2.33.jpg,cover,245,226,289,284
IMG_20230316_063952_2.34.jpg,cover,245,226,289,284
IMG_20230316_063952_2.35.jpg,cover,245,226,289,284
IMG_20230316_063952_2.36.jpg,cover,210,221,254,279
IMG_20230316_063952_2.37.jpg,cover,233,223,277,281
IMG_20230316_063952_2.38.jpg,cover,234,226,278,284
IMG_20230316_063952_2.39.jpg,cover,245,227,289,285
IMG_20230316_063952_2.4.jpg,cover,222,227,266,285
IMG_20230316_063952_2.40.jpg,cover,238,224,282,282
IMG_20230316_063952_2.41.jpg,cover,222,226,266,284
IMG_20230316_063952_2.42.jpg,cover,245,226,289,284
IMG_20230316_063952_2.43.jpg,cover,218,219,262,277
IMG_20230316_063952_2.44.jpg,cover,245,226,289,284
IMG_20230316_063952_2.45.jpg,cover,212,221,256,279
IMG_20230316_063952_2.46.jpg,cover,210,221,254,279
IMG_20230316_063952_2.47.jpg,cover,213,227,257,285
IMG_20230316_063952_2.48.jpg,cover,235,216,279,274
IMG_20230316_063952_2.49.jpg,cover,245,227,289,285
IMG_20230316_063952_2.5.jpg,cover,213,226,257,284
IMG_20230316_063952_2.50.jpg,cover,211,221,255,279
IMG_20230316_063952_2.51.jpg,cover,245,226,289,284
IMG_20230316_063952_2.52.jpg,cover,233,224,277,282
IMG_20230316_063952_2.53.jpg,cover,222,227,266,285
IMG_20230316_063952_2.54.jpg,cover,217,218,261,276
IMG_20230316_063952_2.55.jpg,cover,222,227,266,285
IMG_20230316_063952_2.56.jpg,cover,212,220,256,278
IMG_20230316_063952_2.57.jpg,cover,222,227,266,285
IMG_20230316_063952_2.58.jpg,cover,245,226,289,284
IMG_20230316_063952_2.59.jpg,cover,213,215,257,273
IMG_20230316_063952_2.6.jpg,cover,220,215,264,273
IMG_20230316_063952_2.7.jpg,cover,222,217,266,275
IMG_20230316_063952_2.8.jpg,cover,233,219,277,277
IMG_20230316_063952_2.9.jpg,cover,244,215,288,273
IMG_20230316_063953_9.0.jpg,cover,233,220,278,276
IMG_20230316_063953_9.1.jpg,cover,215,215,260,271
IMG_20230316_063953_9.10.jpg,cover,227,225,272,281
IMG_20230316_063953_9.11.jpg,cover,227,230,272,286
IMG_20230316_063953_9.12.jpg,cover,239,230,284,286
IMG_20230316_063953_9.13.jpg,cover,239,225,284,281
IMG_20230316_063953_9.14.jpg,cover,221,214,266,270
IMG_20230316_063953_9.15.jpg,cover,225,230,270,286
IMG_20230316_063953_9.16.jpg,cover,227,230,272,286
IMG_20230316_063953_9.17.jpg,cover,239,230,284,286
IMG_20230316_063953_9.18.jpg,cover,239,230,284,286
IMG_20230316_063953_9.19.jpg,cover,215,222,260,278
IMG_20230316_063953_9.2.jpg,cover,225,228,270,284
IMG_20230316_063953_9.20.jpg,cover,234,218,279,274
IMG_20230316_063953_9.21.jpg,cover,239,225,284,281
IMG_20230316_063953_9.22.jpg,cover,227,230,272,286
IMG_20230316_063953_9.23.jpg,cover,227,225,272,281
IMG_20230316_063953_9.24.jpg,cover,221,227,266,283
IMG_20230316_063953_9.25.jpg,cover,239,230,284,286
IMG_20230316_063953_9.26.jpg,cover,226,222,271,278
IMG_20230316_063953_9.27.jpg,cover,239,225,284,281
IMG_20230316_063953_9.28.jpg,cover,218,230,263,286
IMG_20230316_063953_9.29.jpg,cover,239,225,284,281
IMG_20230316_063953_9.3.jpg,cover,236,221,281,277
IMG_20230316_063953_9.30.jpg,cover,239,225,284,281
IMG_20230316_063953_9.31.jpg,cover,239,230,284,286
IMG_20230316_063953_9.32.jpg,cover,233,220,278,276
IMG_20230316_063953_9.33.jpg,cover,239,230,284,286
IMG_20230316_063953_9.34.jpg,cover,239,230,284,286
IMG_20230316_063953_9.35.jpg,cover,220,222,265,278
IMG_20230316_063953_9.36.jpg,cover,224,223,269,279
IMG_20230316_063953_9.37.jpg,cover,227,230,272,286
IMG_20230316_063953_9.38.jpg,cover,227,226,272,282
IMG_20230316_063953_9.39.jpg,cover,233,228,278,284
IMG_20230316_063953_9.4.jpg,cover,239,225,284,281
IMG_20230316_063953_9.40.jpg,cover,227,225,272,281
IMG_20230316_063953_9.41.jpg,cover,227,230,272,286
IMG_20230316_063953_9.42.jpg,cover,237,226,282,282
IMG_20230316_063953_9.43.jpg,cover,231,215,276,271
IMG_20230316_063953_9.44.jpg,cover,231,218,276,274
IMG_20230316_063953_9.45.jpg,cover,236,216,281,272
IMG_20230316_063953_9.46.jpg,cover,220,213,265,269
IMG_20230316_063953_9.47.jpg,cover,239,230,284,286
IMG_20230316_063953_9.48.jpg,cover,216,222,261,278
IMG_20230316_063953_9.49.jpg,cover,227,214,272,270
IMG_20230316_063953_9.5.jpg,cover,239,230,284,286
IMG_20230316_063953_9.50.jpg,cover,239,230,284,286
IMG_20230316_063953_9.51.jpg,cover,227,225,272,281
IMG_20230316_063953_9.52.jpg,cover,230,222,275,278
IMG_20230316_063953_9.53.jpg,cover,227,230,272,286
IMG_20230316_063953_9.54.jpg,cover,233,221,278,277
IMG_20230316_063953_9.55.jpg,cover,239,230,284,286
IMG_20230316_063953_9.56.jpg,cover,227,230,272,286
IMG_20230316_063953_9.57.jpg,cover,239,225,284,281
IMG_20230316_063953_9.58.jpg,cover,227,225,272,281
IMG_20230316_063953_9.59.jpg,cover,227,225,272,281
IMG_20230316_063953_9.6.jpg,cover,239,230,284,286
IMG_20230316_063953_9.7.jpg,cover,227,230,272,286
IMG_20230316_063953_9.8.jpg,cover,231,218,276,274
IMG_20230316_063953_9.9.jpg,cover,228,220,273,276
IMG_20230316_064110_1.0.jpg,cover,226,274,302,330
IMG_20230316_064110_1.1.jpg,cover,203,274,279,330
IMG_20230316_064110_1.10.jpg,cover,231,277,307,333
IMG_20230316_064110_1.11.jpg,cover,231,178,307,234
IMG_20230316_064110_1.12.jpg,cover,204,277,280,333
IMG_20230316_064110_1.13.jpg,cover,225,169,301,225
IMG_20230316_064110_1.14.jpg,cover,204,167,280,223
IMG_20230316_064110_1.15.jpg,cover,196,170,272,226
IMG_20230316_064110_1.16.jpg,cover,204,277,280,333
IMG_20230316_064110_1.17.jpg,cover,204,178,280,234
IMG_20230316_064110_1.18.jpg,cover,204,178,280,234
IMG_20230316_064110_1.19.jpg,cover,219,169,295,225
IMG_20230316_064110_1.2.jpg,cover,225,169,301,225
IMG_20230316_064110_1.20.jpg,cover,204,277,280,333
IMG_20230316_064110_1.21.jpg,cover,231,277,307,333
IMG_20230316_064110_1.22.jpg,cover,225,271,301,327
IMG_20230316_064110_1.23.jpg,cover,231,178,307,234
IMG_20230316_064110_1.24.jpg,cover,227,174,303,230
IMG_20230316_064110_1.25.jpg,cover,201,265,277,321
IMG_20230316_064110_1.26.jpg,cover,220,265,296,321
IMG_20230316_064110_1.27.jpg,cover,199,274,275,330
IMG_20230316_064110_1.28.jpg,cover,204,277,280,333
IMG_20230316_064110_1.29.jpg,cover,220,267,296,323
IMG_20230316_064110_1.3.jpg,cover,220,271,296,327
IMG_20230316_064110_1.30.jpg,cover,231,277,307,333
IMG_20230316_064110_1.31.jpg,cover,192,177,268,233
IMG_20230316_064110_1.32.jpg,cover,227,174,303,230
IMG_20230316_064110_1.33.jpg,cover,231,178,307,234
IMG_20230316_064110_1.34.jpg,cover,195,169,271,225
IMG_20230316_064110_1.35.jpg,cover,195,267,271,323
IMG_20230316_064110_1.36.jpg,cover,196,169,272,225
IMG_20230316_064110_1.37.jpg,cover,231,277,307,333
IMG_20230316_064110_1.38.jpg,cover,220,271,296,327
IMG_20230316_064110_1.39.jpg,cover,231,277,307,333
IMG_20230316_064110_1.4.jpg,cover,226,175,302,231
IMG_20230316_064110_1.40.jpg,cover,202,266,278,322
IMG_20230316_064110_1.41.jpg,cover,231,178,307,234
IMG_20230316_064110_1.42.jpg,cover,231,277,307,333
IMG_20230316_064110_1.43.jpg,cover,203,269,279,325
IMG_20230316_064110_1.44.jpg,cover,202,272,278,328
IMG_20230316_064110_1.45.jpg,cover,195,273,271,329
IMG_20230316_064110_1.46.jpg,cover,221,167,297,223
IMG_20230316_064110_1.47.jpg,cover,204,178,280,234
IMG_20230316_064110_1.48.jpg,cover,204,277,280,333
IMG_20230316_064110_1.49.jpg,cover,231,174,307,230
IMG_20230316_064110_1.5.jpg,cover,200,269,276,325
IMG_20230316_064110_1.50.jpg,cover,204,178,280,234
IMG_20230316_064110_1.51.jpg,cover,199,166,275,222
IMG_20230316_064110_1.52.jpg,cover,193,276,269,332
IMG_20230316_064110_1.53.jpg,cover,200,174,276,230
IMG_20230316_064110_1.54.jpg,cover,231,277,307,333
IMG_20230316_064110_1.55.jpg,cover,194,272,270,328
IMG_20230316_064110_1.56.jpg,cover,204,178,280,234
IMG_20230316_064110_1.57.jpg,cover,204,178,280,234
IMG_20230316_064110_1.58.jpg,cover,204,166,280,222
IMG_20230316_064110_1.59.jpg,cover,196,170,272,226
IMG_20230316_064110_1.6.jpg,cover,226,276,302,332
IMG_20230316_064110_1.7.jpg,cover,204,277,280,333
IMG_20230316_064110_1.8.jpg,cover,227,273,303,329
IMG_20230316_064110_1.9.jpg,cover,204,178,280,234
IMG_20230316_064111_5.0.jpg,cover,237,278,309,334
IMG_20230316_064111_5.1.jpg,cover,237,177,309,233
IMG_20230316_064111_5.10.jpg,cover,228,270,300,326
IMG_20230316_064111_5.11.jpg,cover,226,272,298,328
IMG_20230316_064111_5.12.jpg,cover,232,267,304,323
IMG_20230316_064111_5.13.jpg,cover,202,177,274,233
IMG_20230316_064111_5.14.jpg,cover,192,269,264,325
IMG_20230316_064111_5.15.jpg,cover,237,278,309,334
IMG_20230316_064111_5.16.jpg,cover,237,278,309,334
IMG_20230316_064111_5.17.jpg,cover,202,173,274,229
IMG_20230316_064111_5.18.jpg,cover,226,171,298,227
IMG_20230316_064111_5.19.jpg,cover,202,278,274,334
IMG_20230316_064111_5.2.jpg,cover,235,276,307,332
IMG_20230316_064111_5.20.jpg,cover,201,174,273,230
IMG_20230316_064111_5.21.jpg,cover,237,278,309,334
IMG_20230316_064111_5.22.jpg,cover,232,278,304,334
IMG_20230316_064111_5.23.jpg,cover,237,278,309,334
IMG_20230316_064111_5.24.jpg,cover,230,271,302,327
IMG_20230316_064111_5.25.jpg,cover,233,176,305,232
IMG_20230316_064111_5.26.jpg,cover,237,278,309,334
IMG_20230316_064111_5.27.jpg,cover,234,169,306,225
IMG_20230316_064111_5.28.jpg,cover,197,171,269,227
IMG_20230316_064111_5.29.jpg,cover,198,175,270,231
IMG_20230316_064111_5.3.jpg,cover,202,177,274,233
IMG_20230316_064111_5.30.jpg,cover,236,277,308,333
IMG_20230316_064111_5.31.jpg,cover,237,278,309,334
IMG_20230316_064111_5.32.jpg,cover,236,173,308,229
IMG_20230316_064111_5.33.jpg,cover,202,177,274,233
IMG_20230316_064111_5.34.jpg,cover,195,171,267,227
IMG_20230316_064111_5.35.jpg,cover,202,278,274,334
IMG_20230316_064111_5.36.jpg,cover,202,278,274,334
IMG_20230316_064111_5.37.jpg,cover,190,176,262,232
IMG_20230316_064111_5.38.jpg,cover,233,268,305,324
IMG_20230316_064111_5.39.jpg,cover,202,177,274,233
IMG_20230316_064111_5.4.jpg,cover,226,171,298,227
IMG_20230316_064111_5.40.jpg,cover,230,267,302,323
IMG_20230316_064111_5.41.jpg,cover,228,176,300,232
IMG_20230316_064111_5.42.jpg,cover,229,176,301,232
IMG_20230316_064111_5.43.jpg,cover,202,270,274,326
IMG_20230316_064111_5.44.jpg,cover,237,172,309,228
IMG_20230316_064111_5.45.jpg,cover,198,267,270,323
IMG_20230316_064111_5.46.jpg,cover,197,175,269,231
IMG_20230316_064111_5.47.jpg,cover,202,177,274,233
IMG_20230316_064111_5.48.jpg,cover,202,278,274,334
IMG_20230316_064111_5.49.jpg,cover,236,175,308,231
IMG_20230316_064111_5.5.jpg,cover,196,277,268,333
IMG_20230316_064111_5.50.jpg,cover,196,274,268,330
IMG_20230316_064111_5.51.jpg,cover,195,266,267,322
IMG_20230316_064111_5.52.jpg,cover,237,177,309,233
IMG_20230316_064111_5.53.jpg,cover,237,177,309,233
IMG_20230316_064111_5.54.jpg,cover,190,176,262,232
IMG_20230316_064111_5.55.jpg,cover,202,166,274,222
IMG_20230316_064111_5.56.jpg,cover,237,278,309,334
IMG_20230316_064111_5.57.jpg,cover,237,177,309,233
IMG_20230316_064111_5.58.jpg,cover,202,171,274,227
IMG_20230316_064111_5.59.jpg,cover,237,177,309,233
IMG_20230316_064111_5.6.jpg,cover,202,177,274,233
IMG_20230316_064111_5.7.jpg,cover,202,278,274,334
IMG_20230316_064111_5.8.jpg,cover,202,177,274,233
IMG_20230316_064111_5.9.jpg,cover,195,273,267,329
IMG_20230316_064119_3.0.jpg,cover,229,206,297,256
IMG_20230316_064119_3.1.jpg,cover,214,206,282,256
IMG_20230316_064119_3.10.jpg,cover,209,254,277,304
IMG_20230316_064119_3.11.jpg,cover,212,246,280,296
IMG_20230316_064119_3.12.jpg,cover,229,206,297,256
IMG_20230316_064119_3.13.jpg,cover,214,255,282,305
IMG_20230316_064119_3.14.jpg,cover,225,206,293,256
IMG_20230316_064119_3.15.jpg,cover,202,198,270,248
IMG_20230316_064119_3.16.jpg,cover,214,255,282,305
IMG_20230316_064119_3.17.jpg,cover,229,243,297,293
IMG_20230316_064119_3.18.jpg,cover,229,255,297,305
IMG_20230316_064119_3.19.jpg,cover,214,255,282,305
IMG_20230316_064119_3.2.jpg,cover,222,252,290,302
IMG_20230316_064119_3.20.jpg,cover,221,246,289,296
IMG_20230316_064119_3.21.jpg,cover,209,250,277,300
IMG_20230316_064119_3.22.jpg,cover,224,252,292,302
IMG_20230316_064119_3.23.jpg,cover,229,206,297,256
IMG_20230316_064119_3.24.jpg,cover,227,248,295,298
IMG_20230316_064119_3.25.jpg,cover,214,206,282,256
IMG_20230316_064119_3.26.jpg,cover,229,255,297,305
IMG_20230316_064119_3.27.jpg,cover,221,255,289,305
IMG_20230316_064119_3.28.jpg,cover,229,206,297,256
IMG_20230316_064119_3.29.jpg,cover,229,206,297,256
IMG_20230316_064119_3.3.jpg,cover,209,199,277,249
IMG_20230316_064119_3.30.jpg,cover,229,255,297,305
IMG_20230316_064119_3.31.jpg,cover,229,255,297,305
IMG_20230316_064119_3.32.jpg,cover,207,245,275,295
IMG_20230316_064119_3.33.jpg,cover,207,206,275,256
IMG_20230316_064119_3.34.jpg,cover,229,206,297,256
IMG_20230316_064119_3.35.jpg,cover,225,200,293,250
IMG_20230316_064119_3.36.jpg,cover,229,206,297,256
IMG_20230316_064119_3.37.jpg,cover,227,243,295,293
IMG_20230316_064119_3.38.jpg,cover,229,206,297,256
IMG_20230316_064119_3.39.jpg,cover,214,244,282,294
IMG_20230316_064119_3.4.jpg,cover,203,253,271,303
IMG_20230316_064119_3.40.jpg,cover,217,205,285,255
IMG_20230316_064119_3.41.jpg,cover,219,195,287,245
IMG_20230316_064119_3.42.jpg,cover,229,206,297,256
IMG_20230316_064119_3.43.jpg,cover,214,255,282,305
IMG_20230316_064119_3.44.jpg,cover,214,206,282,256
IMG_20230316_064119_3.45.jpg,cover,229,206,297,256
IMG_20230316_064119_3.46.jpg,cover,214,206,282,256
IMG_20230316_064119_3.47.jpg,cover,204,206,272,256
IMG_20230316_064119_3.48.jpg,cover,207,253,275,303
IMG_20230316_064119_3.49.jpg,cover,229,206,297,256
IMG_20230316_064119_3.5.jpg,cover,214,255,282,305
IMG_20230316_064119_3.50.jpg,cover,214,255,282,305
IMG_20230316_064119_3.51.jpg,cover,206,248,274,298
IMG_20230316_064119_3.52.jpg,cover,224,247,292,297
IMG_20230316_064119_3.53.jpg,cover,229,206,297,256
IMG_20230316_064119_3.54.jpg,cover,229,255,297,305
IMG_20230316_064119_3.55.jpg,cover,214,204,282,254
IMG_20230316_064119_3.56.jpg,cover,202,250,270,300
IMG_20230316_064119_3.57.jpg,cover,218,201,286,251
IMG_20230316_064119_3.58.jpg,cover,229,255,297,305
IMG_20230316_064119_3.59.jpg,cover,214,206,282,256
IMG_20230316_064119_3.6.jpg,cover,226,247,294,297
IMG_20230316_064119_3.7.jpg,cover,213,200,281,250
IMG_20230316_064119_3.8.jpg,cover,229,206,297,256
IMG_20230316_064119_3.9.jpg,cover,229,206,297,256
